stocks,std,rendimiento,riesgo,coeficiente_variacion,beta,alfa,Riesgo_sistematico,Riesgo_no_sistematico,sharpie,teynor
SPY,0.0161543684490317,0.1886452632820504,0.3623047071920227,1.9205608499712377,1.0,0.0,1.0,0.0,0.3117410871015514,0.1129452632820504
A,0.0187403842904305,0.3073082655739378,0.4203029950958789,1.3676918006448957,0.903504747820689,0.0005431205339076,0.6065740988380909,0.3934259011619091,0.5510507140714136,0.2563442706112964
AAL,0.0497217465291474,-0.2431943029652611,1.115142499947034,-4.585397298991521,1.3542989493267932,-0.0019788745429508,0.1936048802971424,0.8063951197028575,-0.2859673117833888,-0.2354681757109683
AAP,0.0240144201010981,0.1887227892312407,0.5385872849542499,2.853853989484665,0.9803626914521932,1.500798091405445e-05,0.4349199319689132,0.5650800680310868,0.2098504595050761,0.1152867099255094
AAPL,0.0236304388738359,0.4452822222482056,0.529975483969928,1.190201309394547,1.1704964166061105,0.0008907683236779,0.6402897799686549,0.3597102200313451,0.6973572050536144,0.3157482731299771
ABBV,0.0180182464578493,0.1969440359549793,0.4041071322361787,2.0518881431299403,0.7096198003160703,0.0002503080233896,0.404768187491952,0.595231812508048,0.3000294384413852,0.1708577408648634
ABC,0.0212819199079139,0.2107547393625375,0.4773036955946728,2.264735289172412,0.8693621183825381,0.0001855305303683,0.4354715466497584,0.5645284533502416,0.2829534751334218,0.1553492342337265
ABMD,0.0252147299136687,0.361970977460667,0.5655074271161162,1.562300466969251,0.6899711575597197,0.0009198856618483,0.1954038876939898,0.8045961123060101,0.5062196599619313,0.4149028177832043
ABT,0.0198577952388383,0.2337152452551126,0.4453639095942308,1.905583476628118,0.8130170188596452,0.0003188231574585,0.4374386828515482,0.5625613171484518,0.3548002921904463,0.1943566267244296
ACN,0.0204573924155055,0.3220807394080482,0.4588114721040862,1.4245231582221751,1.0595151543971146,0.0004849532704582,0.6999931046906223,0.3000068953093777,0.5369977744413378,0.2325410244351283
ADBE,0.0250953518743694,0.2716625148767215,0.5628300568611315,2.0717987430711218,1.1467967536231267,0.0002195426165019,0.5449620987048732,0.4550379012951268,0.3481735072387433,0.1708781562710291
ADI,0.0255658319700144,0.1834064658434623,0.5733818251849839,3.1262901367630422,1.2475370147887943,-0.0002060931855772,0.6213939032964589,0.378606096703541,0.1878442272018547,0.0863352867022521
ADM,0.0201913162578933,0.1744230349505515,0.4528440061100645,2.596239689548142,0.9537574494265924,-2.182059604660712e-05,0.5822729188610722,0.4177270811389277,0.2180067167026976,0.1035095820325227
ADP,0.0219069927353184,0.1758902617247538,0.4913226173755529,2.793347468800809,1.110474318337196,-0.0001333153112139,0.6705504804294661,0.3294495195705339,0.2039194984752172,0.0902229435389166
ADSK,0.0274273207671857,0.2114594431020299,0.6151306657991027,2.908977044370158,1.205296969252326,-6.315127379219368e-05,0.5039661020357483,0.4960338979642517,0.220700170955821,0.1126356794759425
AEE,0.0209104073791946,0.0702156682996116,0.4689715383605182,6.679015520573094,0.8587717804468792,-0.000364236350484,0.4401599362977538,0.5598400637022461,-0.0116943806857898,-0.0063862504861704
AEP,0.0187174746377861,-0.0409020445709241,0.4197891851614705,-10.263281201837126,0.6911583632636791,-0.0006797055395967,0.3558283907030937,0.6441716092969063,-0.2777633361995107,-0.1687052501547176
AES,0.0294772917855702,0.083615723477629,0.6611067218678517,7.90648809066069,1.2101959149467725,-0.0005741349346046,0.4398617245122168,0.5601382754877833,0.0119734427374515,0.0065408611778178
AFL,0.0273848822872176,0.0460852235108585,0.6141788699361438,13.327023786516548,1.2395037885964986,-0.0007450051390001,0.5346307427204858,0.4653692572795141,-0.0482184880313783,-0.0238924453169074
AIG,0.0346535207236995,0.0556765042264596,0.7771974322973417,13.959163620189845,1.5363234396401415,-0.0009291414108366,0.5129210848954594,0.4870789151045406,-0.0257637183827953,-0.0130333855859352
AIZ,0.0239230742306376,0.0828473666481943,0.5365386106928686,6.476230113278588,1.0045295152866878,-0.0004232236834827,0.4601203018402934,0.5398796981597065,0.0133212531321175,0.0071151385195033
AJG,0.0200391939004621,0.2833452521133066,0.4494322573722335,1.586164772552852,0.9364081023093812,0.0004233980123559,0.5698358895098842,0.4301641104901158,0.4620167972085023,0.2217465350857274
AKAM,0.0205161991993718,0.1488051836014014,0.4601303707460733,3.092166278149331,0.6318836022425399,0.0001174735519553,0.2475485144426528,0.7524514855573472,0.1588792834580031,0.1156940666634691
ALB,0.0339901273149405,0.5738677853715823,0.7623190694896669,1.3283879822528484,1.269936573388323,0.0013265883576715,0.3642826163290382,0.6357173836709618,0.6534898644278699,0.3922776899340877
ALGN,0.0351398297420853,0.4281098125189744,0.7881042063422081,1.840892647858377,1.458942322281498,0.0006066954524557,0.4498387958439662,0.5501612041560338,0.4471614409401491,0.2415515727639424
ALK,0.0394863916541926,-0.1324885086189642,0.8855874255609966,-6.684258391857501,1.5026284905337688,-0.0016506041898048,0.3779099341679254,0.6220900658320745,-0.2350852130574034,-0.1385495549502131
ALL,0.0214811898101353,0.0112308280017228,0.4817728535072407,42.897358363366976,0.99374028800733,-0.0006993395645373,0.5584818934477745,0.4415181065522254,-0.1338165310248396,-0.0648752725196964
ALLE,0.0229514892446474,0.0105007333951412,0.5147482315163651,49.0202171740255,1.0780164733338735,-0.0007653252699972,0.5757169574504329,0.424283042549567,-0.1266624392526658,-0.0604807702086625
AMAT,0.0329748316235502,0.466244323956395,0.7395483614088727,1.5861820153290236,1.5704971152827991,0.0006745138180959,0.5919555284002976,0.4080444715997023,0.5280849019966599,0.2486756073321852
AMCR,0.0231769280289274,0.0360710959803503,0.519804296257365,14.41054900412584,0.9917195923557952,-0.0005992543953237,0.4777998512609143,0.5222001487390857,-0.0762381232802059,-0.039959787348269
AMD,0.0329228443248724,0.5722959721112608,0.738382407872244,1.290210736847007,1.2438070483889798,0.0013399113650628,0.3724699994377612,0.6275300005622387,0.6725457795538143,0.3992548303649416
AME,0.0225123102489779,0.1773334623507973,0.5048984736670911,2.8471697725515086,1.1941711552115843,-0.0001902431334441,0.7342990917521348,0.2657009082478652,0.2012948496608254,0.0851079528317612
AMGN,0.0191918255396568,-0.0389855073261257,0.4304277666170559,-11.04071220662579,0.7773570862430281,-0.0007366279346214,0.4281426744887491,0.5718573255112509,-0.2664454206277065,-0.147532593907906
AMP,0.0329527010752107,0.2952339710191604,0.739052024962083,2.5032756982905577,1.7698553948921871,-0.0001533367695294,0.7527894059771936,0.2472105940228064,0.2970480610352479,0.1240406259475981
AMT,0.0215548900518079,0.100952373919465,0.4834257775793511,4.788651903966173,0.9491829751011888,-0.00030994642191,0.5060439349958472,0.4939560650041528,0.0522362999464173,0.0266043266492142
AMZN,0.0202608138603171,0.3029814632051724,0.4544026748117328,1.4997705470318532,0.7429566138693273,0.000646135782439,0.3509078641312265,0.6490921358687736,0.5001763321471188,0.3059148528491963
ANET,0.0261299786213186,0.5085507251684563,0.5860343153122821,1.15236157635634,1.0564897505257915,0.0012271783254989,0.4266113793463996,0.5733886206536003,0.7386098626968657,0.4097065068099677
ANSS,0.0249002889178638,0.2235243590596902,0.5584552509029935,2.498408912801593,1.1859487838364424,-7.907202625532378e-07,0.5919745877674247,0.4080254122325752,0.2647022457406673,0.1246464949198658
ANTM,0.0267893531413634,0.2015659373610922,0.6008225438443008,2.9807741908691963,1.1559954480454857,-6.55044773345255e-05,0.4859233421313775,0.5140766578686224,0.2094893719462523,0.1088809973896538
AON,0.0204143221728989,0.170768470343864,0.457845507282527,2.681089233630757,0.803276139619113,7.632631546518798e-05,0.4040543374463446,0.5959456625536553,0.2076431216025872,0.1183509202563172
AOS,0.0208925282405168,0.2756950040322632,0.4685705510904838,1.6995975416212086,0.7589817412719161,0.0005258598953323,0.3443980064374355,0.6556019935625644,0.4268194054594844,0.2635043679668866
APA,0.0649901447979539,-0.0038287992656351,1.4575769678449535,-380.68774744270695,2.096072615474535,-0.0015842974986909,0.2714548510429412,0.7285451489570587,-0.0545623325697987,-0.0379418149345128
APD,0.0217166744386152,0.1191749260147378,0.4870542230413581,4.086885046449503,1.0104038201857024,-0.0002834641613705,0.5649152330133903,0.4350847669866097,0.0892609569079667,0.0430272779518466
APH,0.0206248659797454,0.2276844705119787,0.4625675125117165,2.031616435989561,1.0901170307042256,8.745657240687621e-05,0.7290275605515905,0.2709724394484095,0.32856710945114,0.1394203248194327
APTV,0.0365092325360336,0.2648430393966881,0.8188167086510867,3.0917056023686693,1.4776226935087564,-5.517255020557406e-05,0.4274660868653059,0.572533913134694,0.2309955786176873,0.1280049638027349
ARE,0.0206372166827346,0.1540231542627239,0.4628445098975478,3.00503201686192,0.97137718573535,-0.0001159625027242,0.5781672907696935,0.4218327092303064,0.1692213099385385,0.0806310415901233
ATO,0.0205107012982016,-0.0365281269685935,0.4600070656797095,-12.593228940405776,0.7918378399635425,-0.0007377166062111,0.3889479185912333,0.6110520814087668,-0.2439704416339009,-0.1417311996276418
ATVI,0.0223713303672178,0.0506878477982983,0.5017366246017927,9.898558459186289,0.6489868158002366,-0.0002846842894242,0.219618081759725,0.780381918240275,-0.0498511589054372,-0.0385403086669185
AVB,0.0243286415953415,0.0828247159743807,0.5456345382606523,6.587822630498699,1.0428487554585526,-0.0004519990558034,0.4794981119608762,0.5205018880391237,0.0130576704273386,0.0068319743750836
AVGO,0.0265470702061855,0.3694819505624271,0.5953887041888418,1.6114148560776471,1.3165889390487433,0.0004806098552434,0.6418701445691618,0.3581298554308382,0.4934288280841269,0.2231387047613276
AVY,0.0240323544170334,0.2248685111511295,0.5389895097211367,2.3969096738444318,1.0643395882841031,9.557892578478404e-05,0.5118559547276532,0.4881440452723468,0.2767558708671465,0.1401512381885696
AWK,0.0212039717539899,0.2011036298445344,0.4755555007845389,2.364728578754012,0.8384229370753298,0.0001703933100724,0.4080109663122416,0.5919890336877583,0.2636992520066578,0.1495708481950408
AXP,0.0307526822426459,0.1349857837641794,0.6897107473092805,5.109506557477246,1.4457373027824356,-0.0005466099617297,0.5767568218152878,0.4232431781847122,0.0859574596966436,0.0410073003235645
AZO,0.0213625554802251,0.2550840320527587,0.4791121629146833,1.8782522726298645,0.8734640905459141,0.0003583697171599,0.4362783592646251,0.5637216407353749,0.374409263504133,0.2053708148902194
BA,0.0422624486879716,-0.2403029873534638,0.9478478929970932,-3.944386640532666,1.7713144355173691,-0.002279575656337,0.4584183346189217,0.5415816653810783,-0.3333899771135884,-0.1784002777921047
BAC,0.0284727430363564,0.1120191834012354,0.6385770425682684,5.700604335607269,1.3657352056892038,-0.0005778583097205,0.6004189078663583,0.3995810921336417,0.0568751786866071,0.0265931369784872
BAX,0.0184505055169718,0.0071959480301119,0.4138016920910311,57.50481942885728,0.6941364477260275,-0.0004910698607334,0.3693627768844665,0.6306372231155335,-0.1655480228312309,-0.0986896051839742
BBWI,0.0462797216167841,0.7726373936927408,1.0379459303654974,1.3433803991866635,1.5214096014369556,0.001927105868531,0.2820270714297092,0.7179729285702907,0.6714582843899436,0.4580866277132014
BBY,0.0276270912108518,0.0551858425157396,0.6196110496857532,11.227717498542011,1.1495321841510031,-0.0006415395198992,0.4518059177819697,0.5481940822180302,-0.0331081208036308,-0.0178456573613998
BDX,0.0183025234469777,-0.042709135109488,0.4104828003183171,-9.611124160346824,0.5151204798724915,-0.0005550959272103,0.206716744884092,0.793283255115908,-0.2884630854634233,-0.2298668752964316
BEN,0.0290973030363069,0.119650087725592,0.6525844628286055,5.454107683775844,1.1619243136233273,-0.0003950056759194,0.4161310986486763,0.5838689013513236,0.0673477384599257,0.0378252586767366
BIIB,0.0353541225688269,-0.1244482958263512,0.7929102933205335,-6.371403385281547,0.7927041525109374,-0.0010872546800855,0.1311964573345709,0.868803542665429,-0.2524223704905813,-0.2524880123213302
BIO,0.0215376711903036,0.3548113645175738,0.4830395987822557,1.3613983290502265,0.7236539156675953,0.0008662598455213,0.2946078509317805,0.7053921490682195,0.5778229470652393,0.3856973042978481
BK,0.0246484798413905,0.0704209473398748,0.5528077621752369,7.85004722397731,1.0885800865434645,-0.0005354544828956,0.5090031372523541,0.4909968627476458,-0.0095495270170459,-0.0048494848705964
BKNG,0.0274238606026879,0.0759531460359704,0.6150530624010407,8.097795739886262,1.1691306739863565,-0.0005738008641639,0.4742953783782018,0.5257046216217982,0.0004115840590765,0.0002165250143573
BKR,0.0356651371001438,-0.0269784781467142,0.7998856219480027,-29.64902681307928,1.4620675216723298,-0.0012015499631298,0.43855799437339,0.5614420056266101,-0.1283664505640894,-0.0702282737457086
BLK,0.0236490869139406,0.2989310408917173,0.5303937159008849,1.7743012378999177,1.218275560379114,0.0002742425676742,0.692535877412448,0.3074641225875519,0.4208779896883858,0.1832352615054103
BLL,0.0202196325737289,0.1637288181995817,0.4534790748563259,2.769696134394283,0.7804309740325328,6.549290329264771e-05,0.3887786830026405,0.6112213169973595,0.1941188096219689,0.1127951364420246
BMY,0.0156625098411008,-0.0151888237032836,0.3512734688314196,-23.12710159085449,0.5916164460267483,-0.0005031526346269,0.3723383164826801,0.6276616835173199,-0.2587409291275063,-0.1536279532350497
BR,0.0184445851825686,0.1931214091897669,0.4136689128351165,2.142014780083926,0.8271156319677762,0.0001471823929861,0.5247768168060933,0.4752231831939066,0.2838535977601239,0.141964925642152
BRO,0.0190838124032815,0.2740160268869799,0.4280052845577402,1.5619717190274949,0.9335034004702192,0.0003885517148039,0.624426749385707,0.375573250614293,0.4633494819857207,0.2124427471684466
BSX,0.02253093201414,-0.0289356018554174,0.50531611631253,-17.463473503590645,1.040418778738378,-0.0008936733186274,0.5564652110557509,0.4435347889442491,-0.2070695916429111,-0.100570658655642
BWA,0.0268901537906099,-0.0021775189168739,0.6030832666837762,-276.9589104417862,1.0194233275958602,-0.0007717734164565,0.3750615384984688,0.6249384615015312,-0.1291322827527705,-0.0763936990735095
BXP,0.0285689637879754,-0.0914442998093499,0.6407350490140854,-7.006834218753257,1.172265904586323,-0.0012404234524468,0.4393830086647176,0.5606169913352823,-0.2608633632053357,-0.1425822410729696
C,0.0324808380659754,-0.1413108588501169,0.7284692411203533,-5.155083247303825,1.5349429999919817,-0.0017098039095497,0.5827872215885039,0.417212778411496,-0.2978998241797607,-0.1413804023023986
CAG,0.0176335348297618,-0.0053822136949804,0.3954789500693931,-73.47886436360297,0.3843322631232373,-0.0003090661692843,0.1239695128572624,0.8760304871427376,-0.2050228303699938,-0.210969053277167
CAH,0.0237245475717854,-0.0041290771691039,0.5320861219909931,-128.8632060384713,0.9123909556314016,-0.000699394084168,0.3859633194488725,0.6140366805511275,-0.1500303689004226,-0.087494375822544
CAT,0.02316162163683,0.1654026258250975,0.5194610096767418,3.1405850244846647,1.0072562821151956,-9.766468534532975e-05,0.4935396081220135,0.5064603918779864,0.1726840400994082,0.0890564074087736
CB,0.0242527198058324,0.1044952909385589,0.5439317900656759,5.205323466542588,1.0561836174925372,-0.0003759870859424,0.4949233263136031,0.5050766736863969,0.0529391579320674,0.0272635273466191
CBOE,0.022800203860516,0.0402141929626761,0.5113552541323773,12.71579053213824,0.773777635729384,-0.0004196638605208,0.3005625415289036,0.6994374584710964,-0.0693956046223346,-0.0458604712759292
CBRE,0.0304144629810319,0.2736860424018213,0.6821252801997252,2.492364149130558,1.3339737636384177,8.745321646390467e-05,0.5020121621705271,0.4979878378294728,0.2902487976165483,0.1484182431458125
CCI,0.0211223915807244,0.175019100104581,0.4737258482740804,2.706709427662523,0.8962373607935741,2.3603838152647084e-05,0.4698290618154806,0.5301709381845194,0.2096552266810627,0.110817853003404
CCL,0.0597131858109264,-0.4430160974827912,1.339227117976703,-3.0229761978992755,2.038443567671476,-0.0032839635753642,0.304114319316657,0.6958856806833429,-0.3873249656611379,-0.2544667439949408
CDAY,0.0317764213390126,0.2135878049546454,0.7126708212187263,3.336664381985944,1.2425017593023882,-8.255661332287622e-05,0.3989918475772633,0.6010081524227366,0.1934803570586008,0.1109759434321151
CDNS,0.025330748898435,0.4932100082447879,0.5681094616331013,1.1518611790844673,1.16546726438243,0.0010847227353521,0.5524386656852555,0.4475613343147445,0.7349112036342496,0.3582340070838648
CDW,0.0249033301476022,0.1692579270532633,0.5585234585740868,3.2998363402993025,1.2497430712639686,-0.0002638896176993,0.6572136745088195,0.3427863254911805,0.167509395741617,0.0748617289461268
CE,0.0269856981056854,0.135424572443333,0.6052261022397745,4.469101074644522,1.2567958347328694,-0.0004034286059191,0.5660334782788505,0.4339665217211494,0.0986814220707085,0.0475213004314478
CERN,0.0171307098371186,0.1148852281019932,0.3842017613446707,3.3442224704779497,0.6160139231567863,-5.249526259236198e-06,0.3374506791461346,0.6625493208538653,0.1019912765752259,0.0636109455143271
CF,0.0309758653401013,0.2004404367184158,0.6947162222697492,3.4659484565267897,1.2245684194430888,-0.0001213039491044,0.4078487946587877,0.5921512053412123,0.179555957842569,0.1018648159938221
CFG,0.037402718499887,0.0675281314074811,0.8388555093962494,12.422311885610917,1.6181048749332696,-0.0009433320981836,0.4884127170213363,0.5115872829786636,-0.0097416879319304,-0.0050502712890323
CHD,0.0164340776945837,0.1736906337654728,0.3685779314674466,2.12203688521928,0.4802348285539515,0.0003297484448242,0.2228417722436368,0.7771582277563631,0.2658613698745756,0.2040473283883535
CHRW,0.0178880561879488,0.1371824291343975,0.4011872689332962,2.9244799896366707,0.5845658221466208,0.0001067732369438,0.2786894362462685,0.7213105637537315,0.1532511968733982,0.1051762296136713
CHTR,0.019206244474821,0.1446372771077722,0.4307511496139932,2.978147530342622,0.7347510266927948,2.392847710536888e-05,0.381922694775753,0.618077305224247,0.1600396822377574,0.0938239956166749
CI,0.0265229163849205,0.0501330314716808,0.5948469904617714,11.865370455361129,1.1735419186410634,-0.0006795638600908,0.5108985028501795,0.4891014971498205,-0.0429807478869009,-0.0217861570364058
CINF,0.0286799672379434,0.0408186579972379,0.6432245968144124,15.758102504446288,1.218393458737419,-0.0007501011778071,0.4709749229587267,0.5290250770412732,-0.0542288683851843,-0.0286289636181307
CL,0.0155877436159134,0.0943403424565727,0.3495966372418805,3.705696080155832,0.6296455114142062,-9.698135245445088e-05,0.4258000259622089,0.5741999740377911,0.053319570244252,0.0296045030396641
CLX,0.0179447561319115,0.0524802494386086,0.4024589160831073,7.668769115777609,0.214706489136308,4.752733042509978e-05,0.0373589952533534,0.9626410047466464,-0.0576947102759589,-0.1081464778023085
CMA,0.0374223356938658,0.0861069715137927,0.8392954771822286,9.747125725444768,1.4979145668422316,-0.0007796330012784,0.4181116570944538,0.5818883429055461,0.0123996516086707,0.0069476402354052
CMCSA,0.0202473510792751,0.0534195778124385,0.4541007361157803,8.50064254925737,0.9101924609813634,-0.0004693806294711,0.5273634286922552,0.4726365713077448,-0.0490649329885267,-0.0244788032671011
CME,0.023608239618238,0.0643790499707743,0.5294776065800029,8.224377446084796,1.0004889291719414,-0.0004934859027128,0.4686809847959501,0.5313190152040499,-0.0213813575655253,-0.0113154175914724
CMG,0.0250369405151535,0.3681689927723166,0.5615200266693487,1.5251692502432013,0.9072607559454996,0.0007818196373075,0.3426744342068835,0.6573255657931165,0.520852291782172,0.3223648668320507
CMI,0.0219296229536694,0.082674561272916,0.4918301602522186,5.948990265925255,0.924105776395042,-0.0003637048262523,0.4634053128215833,0.5365946871784166,0.0141808328089098,0.0075473624893071
CMS,0.0191054720481976,0.0098768453052534,0.4284910597419568,43.38339282422958,0.7368778542919816,-0.0005124272679538,0.3881999119066806,0.6118000880933194,-0.153616168174865,-0.0893270903873096
CNC,0.0274608037618562,0.1452320739725074,0.6158816110693115,4.240672147847304,1.0347215045625395,-0.0001982668122194,0.3705104223243,0.6294895776757,0.1128984413932797,0.0671988295071766
CNP,0.0283914892681768,0.0112298166975795,0.636754710560586,56.702146411511066,1.2434055000429285,-0.0008862410366046,0.5005289347800413,0.4994710652199586,-0.1012480665367394,-0.0518496848374843
COF,0.0354875413320086,0.1693584347384062,0.7959025641778543,4.699515352791362,1.5916226232556014,-0.0005194191828226,0.5249384112699856,0.4750615887300143,0.1176757544878032,0.0588446239516447
COO,0.020439937684271,0.1256251243537787,0.4584200033005229,3.649110841948663,0.8903266877120565,-0.0001679793176853,0.495130428019265,0.504869571980735,0.1089069499461821,0.0560750621573248
COP,0.0363870654118661,0.0455729843451733,0.8160767857448075,17.90702973419029,1.4762899931338351,-0.0009242941670246,0.4295653642214518,0.5704346357785481,-0.0369168884363383,-0.02040724775955
COST,0.015354341033222,0.3111893679266343,0.3443619631259191,1.1065993848707116,0.6146221868232975,0.0007747769987077,0.418151895919911,0.581848104080089,0.6838425643442086,0.3831449189033864
CPB,0.0173981455149189,-0.0779103969856152,0.3901997181972615,-5.00831382324114,0.3449202597109115,-0.0005673728975797,0.1025678989257805,0.8974321010742194,-0.3936712145649451,-0.4453504619136055
CPRT,0.0224458455399437,0.2373506654805347,0.503407825671707,2.120945499152147,1.0495162729551233,0.0001562079041671,0.5705403729329968,0.4294596270670032,0.3211127384935684,0.1540239724205275
CRL,0.0257353682898558,0.4449409023865562,0.577184128376987,1.297215260006688,1.1307083669608575,0.0009191989079603,0.5037562002268435,0.4962437997731564,0.6397280940916433,0.3265571505223844
CRM,0.0264587363160583,0.2159140848183978,0.5934075816027965,2.748350493678553,1.0858534049962745,4.39404101077954e-05,0.4395255912108382,0.5604744087891618,0.2362863050041911,0.1291280058369194
CSCO,0.0205619136915019,0.1320466179355022,0.4611556399008461,3.49236994563614,0.9756778998139248,-0.0002063904617197,0.5875784240500904,0.4124215759499096,0.1221856853959705,0.0577512496144971
CSX,0.0228072190423169,0.2079933418502279,0.5115125882551139,2.4592738580230344,1.1617792803370954,-4.432863636743981e-05,0.6771463698584628,0.3228536301415372,0.2586316444361823,0.1138713214198848
CTAS,0.0255796500835158,0.2424180258219766,0.573691733157051,2.366539085580832,1.2589215468862751,1.9557298246701007e-05,0.6321033660375492,0.3678966339624507,0.2906055921435715,0.1324292417063834
CTLT,0.027075628343123,0.4001545031342153,0.6072430271629217,1.5175214133707924,1.116382717382462,0.0007521991725796,0.4436587887182603,0.5563412112817396,0.5343074990092312,0.290630173758826
CTRA,0.0286965861693853,0.0548274677717659,0.6435973205831503,11.73859283930998,0.7226896252412168,-0.0003234305827502,0.1655095807863363,0.8344904192136637,-0.0324310427664955,-0.0288817377463628
CTSH,0.023711492668034,0.1646495586542533,0.5317933310288446,3.229849720675865,1.1614238123966354,-0.0002160616754656,0.6260998961054788,0.3739001038945212,0.1672633962561457,0.0765866496836353
CTVA,0.025907113987169,0.2326290275791398,0.5810359827390359,2.497693382402025,1.0756394246646723,0.000117915655225,0.4498578669844309,0.5501421330155691,0.2700848695107791,0.1458937112016529
CTXS,0.0237469792634245,-0.0641911700996032,0.5325892123777681,-8.296923261429383,0.575520320708492,-0.0006855569544596,0.1532796665869644,0.8467203334130355,-0.2626624175789309,-0.2430690369497131
CVS,0.0200566329120769,0.1541330299672986,0.449823373621485,2.9184099846536538,0.7901641308426471,2.012821217640764e-05,0.4050405822948029,0.5949594177051971,0.1743640605774701,0.0992616937491911
CVX,0.0297375147175526,-0.0177155488594417,0.6669429136988113,-37.647318691080514,1.3326530032578192,-0.0010679135933437,0.524088696342922,0.475911303657078,-0.140065284360496,-0.0700974286862949
CZR,0.0622988392610128,0.2368667247932653,1.3972172782908772,5.898748671897047,2.265209424005839,-0.0007557710451876,0.345014047087095,0.654985952912905,0.115348362275057,0.0711487084087152
D,0.0217997389027793,-0.026002017380786,0.4889171647256444,-18.80304737765942,0.8699502235560242,-0.0007544206601023,0.4155910556449528,0.5844089443550471,-0.2080148227928469,-0.1169055592227645
DAL,0.0400024382793595,-0.2082931457566436,0.8971611445843314,-4.307204355310458,1.3848054552306597,-0.0018632148232263,0.3127408209881623,0.6872591790118376,-0.3165464169630552,-0.205078009105142
DD,0.0263821141937733,0.1046840357518163,0.5916891265813907,5.652142872903372,1.1704517511962926,-0.0004607783452839,0.513650609685567,0.486349390314433,0.048985243178758,0.0247631187891277
DE,0.0242951522294153,0.3467177414814931,0.5448834500980766,1.571547644980149,1.0903270007372756,0.0005596536403328,0.5255986643595566,0.4744013356404434,0.4973866272369093,0.2485655599634162
DFS,0.0411015004695438,0.15004013437263,0.921810539344448,6.143759756007005,1.8682933004737283,-0.0008031926475528,0.539206014223688,0.460793985776312,0.0806457847894618,0.0397903981959257
DG,0.0165336891520099,0.1774679714232013,0.3708119835153281,2.089458624796395,0.5019872183813514,0.0003284542081247,0.2405612934055333,0.7594387065944667,0.2744462853072669,0.2027302044688513
DGX,0.0206050813393898,0.2255686183346034,0.4621237892950799,2.0487060332549265,0.6818266252436799,0.000384703393265,0.2857453780111266,0.7142546219888735,0.3243040540354174,0.2198045848987512
DHI,0.0303766954920434,0.3420374428250198,0.6812782437412899,1.9918235796477397,1.222267251375224,0.0004423115690012,0.4225044273428781,0.5774955726571219,0.3909378367381997,0.2179044251781698
DHR,0.0182289846446596,0.3715000652677421,0.4088334969533981,1.1004937419290886,0.7472736733257592,0.0009148032794422,0.4385452125237679,0.5614547874762321,0.7235220877741816,0.3958390022644273
DIS,0.0243765819773433,0.026551408200395,0.5467097289199864,20.59061142044632,1.063890894939952,-0.000691057816583,0.4970825671404916,0.5029174328595084,-0.0898988790572594,-0.0461970226771975
DISCA,0.0337746181332983,-0.1550847615935184,0.7574857025153761,-4.884333539492213,0.8546866096471479,-0.0012552275479922,0.167114014841251,0.832885985158749,-0.3046721024926986,-0.2700226714547412
DISCK,0.033333077463122,-0.1361460773875435,0.7475829778297098,-5.491035747594065,0.8752553386049031,-0.0011954716316574,0.1799279706785276,0.8200720293214724,-0.2833746669868659,-0.242039171934914
DISH,0.0329147521650077,-0.0473756089950322,0.7382009196500599,-15.581877158085009,1.449627938863684,-0.0012731787824721,0.5061880528101135,0.4938119471898865,-0.1667237275366381,-0.0849015155512987
DLR,0.0217372366708915,0.1818927742563776,0.4875153858263701,2.680235033081731,0.7786042096642721,0.0001389395957609,0.3348149142028823,0.6651850857971177,0.2178244571222588,0.1363886464243073
DLTR,0.0264371450260874,0.1990565241855138,0.5929233394601551,2.9786682043516994,0.7675156423621936,0.0002153505307897,0.2199506916463511,0.7800493083536488,0.2080480156133295,0.1607218372851108
DOV,0.0227552849655169,0.2032509601928364,0.5103478283607422,2.510924562799332,1.171902562720027,-7.072582258886139e-05,0.6921471244130455,0.3078528755869545,0.249929465953711,0.1088409260722036
DOW,0.0310344577473082,-0.0007263582277894,0.6960303129445866,-958.2466148457928,1.3666408912436192,-0.0010259392419383,0.506058200958079,0.493941799041921,-0.1098032036916098,-0.0559227802398351
DPZ,0.0218131331445903,0.312996320764386,0.4892175662469242,1.5630137921499474,0.4121710167835091,0.0009335008364525,0.0931748638519172,0.9068251361480828,0.4850527395915598,0.5757229671707479
DRE,0.0224293020996354,0.302058802353676,0.5030367949925592,1.665360489655789,1.0687715041783117,0.0003985719069825,0.5925406904585677,0.4074593095414323,0.4499845828514877,0.2117934483364657
DRI,0.0393701135997299,0.1564854831504392,0.8829795807165584,5.6425654504175,1.6123026981227364,-0.0005859832691558,0.4376629605418677,0.5623370394581322,0.0914919041331397,0.050105655249787
DTE,0.0227393714168982,0.0328574276716082,0.5099909246791853,15.521328382010344,1.0522383472206198,-0.0006573109221241,0.5587934506575958,0.4412065493424042,-0.0840065386562364,-0.0407156538645032
DUK,0.0198180598051298,0.065281557131921,0.4444727367377789,6.808549861021047,0.8517575723308501,-0.0003785653744163,0.4820473561738461,0.5179526438261539,-0.0234400043173522,-0.0122316997306741
DVA,0.0221825106531495,0.1998415800935334,0.4975018399716515,2.4894811166865365,0.7957000699115923,0.0001973671861568,0.3357819624819999,0.664218037518,0.2495298913881548,0.1560155450373737
DVN,0.0502399750165536,0.2339700440211009,1.126765153038094,4.815852207714569,1.791881116286314,-0.0004129358767097,0.3319705239855889,0.6680294760144111,0.1404640919133484,0.0883261967451929
DXC,0.0453999347021276,-0.0665907103602828,1.018214367258487,-15.290636813296215,1.872944409039645,-0.0016663206409373,0.4441393842835237,0.5558606157164763,-0.1397453374611051,-0.0759716677513363
DXCM,0.0296738102072359,0.4894867854938063,0.6655141705059151,1.359616214837195,0.8944948330086191,0.0012727959214938,0.237131370507388,0.7628686294926119,0.6217550336745664,0.4625927062116626
EA,0.0196996020973805,0.1002198898305661,0.4418160073672589,4.4084663045848735,0.5948239301056455,-4.758264710586272e-05,0.2379260113498112,0.7620739886501887,0.0554979661707548,0.0412220971442947
EBAY,0.0225058622611492,0.291705850412456,0.5047538603787636,1.73035220125023,0.665036297248882,0.000659721837404,0.227865908234537,0.7721340917654629,0.4279429388620561,0.3248030991782368
ECL,0.0233468292514374,0.0875632977732789,0.5236147833628974,5.97984311553288,1.116314880267785,-0.0004881913361924,0.596619689339704,0.403380310660296,0.0226565371151045,0.0106271966655439
ED,0.0199567548968393,-0.0339865881962619,0.4475833433052413,-13.169410848790918,0.6311884324874912,-0.0006073702231089,0.2610466855557737,0.7389533144442263,-0.2450640530683427,-0.1737778808207732
EFX,0.0226000323763031,0.358934866876524,0.5068658758440985,1.4121388659031104,0.9069243330962444,0.0007454281241376,0.4202463538950824,0.5797536461049175,0.5587964792556704,0.3123026437162169
EIX,0.0221992790011015,-0.0538573506409049,0.4978779148032978,-9.2443818509178,0.9487997886352684,-0.0009239838752776,0.4767068447420611,0.523293155257939,-0.2602191155478158,-0.1365486714823759
EL,0.0218801036994817,0.2849295441411477,0.4907195591819601,1.722248777890399,1.0081163892402785,0.0003760046129919,0.5539908179720601,0.4460091820279399,0.426372946067073,0.2075450279097477
EMN,0.0262733903528817,0.1993092466053327,0.5892507050817625,2.9564644647349563,1.154242223802534,-7.314714918712768e-05,0.5036648534796339,0.4963351465203661,0.2097736083119003,0.1070912535135949
EMR,0.0263142341441919,0.0873839901789587,0.5901667358073182,6.753716952026124,1.2134778079469204,-0.0005616382951909,0.5549606311365841,0.4450393688634159,0.0197977782718906,0.0096285157441213
ENPH,0.0542665036708557,0.9664149714971983,1.217070774684644,1.259366639156182,1.642221416533138,0.0026056257143169,0.2389899885497952,0.7610100114502047,0.7318514173738105,0.5423842135596852
EOG,0.0398267561325636,0.0207078393010945,0.8932210048658032,43.134437730477806,1.377538637306449,-0.0009490408714872,0.3122034343416541,0.6877965656583459,-0.0615661302178708,-0.039920594028806
EQIX,0.0212598645198503,0.1731475851984448,0.4768090448171077,2.75377242062392,0.8313717029339119,6.473512465567555e-05,0.399070348143862,0.600929651856138,0.2043744477117109,0.1172130165779664
EQR,0.0245534832980726,0.0450922970911533,0.5506772118587906,12.212223536663158,1.0210367153531912,-0.0005854025511797,0.4512699986165072,0.5487300013834928,-0.0555819312107204,-0.0299770835353937
ES,0.0220550580068501,0.0296519008838737,0.4946433751641884,16.681675050155114,0.8464172761618692,-0.0005159551945403,0.3843550553815713,0.6156449446184287,-0.0930935324886164,-0.0544035435157162
ESS,0.0248259549926944,0.067226446378951,0.5567881147919221,8.282277954323872,1.045731764766286,-0.000516055149634,0.4630294785528174,0.5369705214471825,-0.0152186323593053,-0.0081029896064625
ETN,0.024814854735285,0.2855185756603314,0.5565391619762714,1.9492222552915817,1.2273213422375666,0.0002142468965168,0.6383708776937295,0.3616291223062705,0.3770059503364784,0.1709565119089389
ETR,0.0229687588384545,-0.0411744520814761,0.515135548120376,-12.511048042631478,1.0117633182598604,-0.0009207889271179,0.5063639419849143,0.4936360580150857,-0.2268809685294037,-0.1155156052529058
ETSY,0.041048131402052,0.8086083466918994,0.9206135959645968,1.138516068664048,1.081605438465841,0.002399081761846,0.1811886165130207,0.8188113834869792,0.7961085409823605,0.6776115583622282
EVRG,0.023634978962722,0.0206861546031072,0.5300773075466081,25.62473875482815,0.9997473325188416,-0.000666315254585,0.4669281271209897,0.5330718728790103,-0.1037845699366324,-0.0550277491196566
EW,0.022394234152633,0.2465826109133628,0.5022503029479689,2.036843965142519,0.9653935811301008,0.0002558162088502,0.4849716504325562,0.5150283495674438,0.3402339628475357,0.1770082319309868
EXC,0.0232244064937996,0.0923175697673886,0.5208691271956801,5.642145135623772,1.1500968658495865,-0.0004946141122645,0.6399699166893262,0.3600300833106737,0.0319035414075247,0.0144488436242395
EXPD,0.0174878504338298,0.2632925348699276,0.3922115897527636,1.4896418918467436,0.7436460710256565,0.0004881239127485,0.4718888144037977,0.5281111855962022,0.4782942161096752,0.2522605069521781
EXPE,0.0362792151824208,0.2613933918261308,0.8136579573069727,3.112771717841236,1.37695088544523,6.500513947866899e-06,0.3759249064837719,0.624075093516228,0.2282204581895011,0.1348583989370745
EXR,0.0208299480763277,0.367905734568581,0.4671670243519372,1.2698008768462208,0.6864578941338106,0.0009460662872923,0.2834205919435467,0.7165794080564533,0.6254845041212708,0.4256717521433611
F,0.0309776319814345,0.3818276306204385,0.694755843903547,1.8195536105509853,1.140282880819847,0.0006615820093339,0.3535971408294091,0.6464028591705909,0.4406262045964715,0.2684663917784481
FANG,0.0540967089241381,0.0744540439130376,1.2132626755821392,16.295457060723674,1.6775903966335284,-0.0009603787227751,0.2509632565570055,0.7490367434429945,-0.0010269466884939,-0.0007427057817347
FAST,0.0195015450332905,0.2641794584820617,0.4373740505777482,1.6555944701031582,0.921170086619538,0.0003587503371594,0.5822662004489247,0.4177337995510752,0.4309342500614525,0.2046087483949178
FB,0.0243590191895759,0.2396348369961661,0.5463158366610831,2.279784707053355,1.0491908967629902,0.000165515650965,0.4841382551380078,0.5158617448619922,0.3000733751342194,0.1562488175430658
FBHS,0.0282736072644084,0.2256484285187339,0.6341108928840693,2.810171987665421,1.280352019575458,-6.303140995152234e-05,0.535150958432167,0.464849041567833,0.2364703558974315,0.1171150013638079
FCX,0.039089326044926,0.5705301475927873,0.8766821724862482,1.5366097237546423,1.6502731992963595,0.0010286266881913,0.4651310117268963,0.5348689882731037,0.5644350519749497,0.2998474118126454
FDX,0.02642427437097,0.2552696509466437,0.592634680764001,2.3216025820784827,1.097830356273555,0.0001911474378904,0.4504476220512636,0.5495523779487363,0.3030022656034062,0.1635677588258444
FE,0.0259112837590372,-0.0900424141511279,0.5811295009709958,-6.453952911520378,0.9676452944833764,-0.0010816829979864,0.3639439341846978,0.6360560658153023,-0.2852073657836898,-0.171284266141776
FFIV,0.0218472809358437,0.2624482783594219,0.4899834213498543,1.8669713682740328,0.8178290790788374,0.0004292408587971,0.3656876371422393,0.6343123628577607,0.3811318306340845,0.2283463417194287
FIS,0.0236147579540007,-0.1204924646933974,0.5296237976079797,-4.395493103702783,1.1271581694001462,-0.0013219266441285,0.5945422155450266,0.4054577844549734,-0.3704374040205354,-0.1740593911481009
FISV,0.0239002714841204,-0.0474735591630962,0.5360271984128927,-11.291068288589052,1.1516963648354792,-0.0010505381870177,0.6059688391281047,0.3940311608718952,-0.2297897560567771,-0.1069496812909466
FITB,0.0359304517624918,0.1628110205905654,0.8058360093840115,4.949517584626627,1.627342276505546,-0.0005721404429001,0.5353187149697233,0.4646812850302767,0.1081001836306048,0.053529624251895
FLT,0.0267676807455004,-0.1178266440033051,0.6003364826861651,-5.095082591585356,1.180483199275691,-0.0013512666981377,0.5075491460861141,0.4924508539138859,-0.3223636237087962,-0.1639384991857972
FMC,0.0263767023593765,0.0363160400617398,0.5915677517914876,16.289434387278483,1.2018405585933103,-0.0007555773354648,0.541792118348547,0.458207881651453,-0.0665755694406784,-0.032769704480898
FOX,0.0260357398781055,-0.0321882335277321,0.5839207606800673,-18.140814101431918,0.9307359779987956,-0.0008244728854896,0.3334979160891248,0.6665020839108752,-0.184765195541394,-0.1159171194388617
FOXA,0.0268825031630747,-0.0038821498732263,0.602911680999215,-155.30355619633923,0.9010963098340669,-0.0006899591289061,0.2932128365201001,0.7067871634798999,-0.1319963642789829,-0.0883170300496303
FRC,0.0242016366170293,0.2744655332209877,0.5427861135992659,1.977611203962131,1.0694660097601008,0.0002885549057086,0.5095941911847193,0.4904058088152807,0.3661949490618962,0.1858549326551988
FRT,0.0319800980930734,0.0189353497405592,0.717238814512592,37.87829769926447,1.1992580989096484,-0.0008226151193308,0.3669827959708784,0.6330172040291215,-0.0791433050064585,-0.0473331389723784
FTNT,0.0288558324865635,0.5865529112320924,0.6471688430786708,1.1033426493771052,1.0950197658754564,0.0015078675365058,0.3757999075484651,0.624200092451535,0.7893657376982105,0.466523917788526
FTV,0.0226519026039422,0.0773552098930473,0.5080292037511008,6.567485298708531,1.0127096180640958,-0.0004511415183925,0.5216034630802369,0.4783965369197631,0.0032580998903721,0.0016344368252484
GD,0.0196830240156976,0.0694609398161879,0.4414441997630873,6.355286883984952,0.9126936293846638,-0.0004075967864878,0.5611078720648355,0.4388921279351645,-0.0141332929216431,-0.0068358756793541
GE,0.0317502382599483,0.0226772508465247,0.7120835959846524,31.400790192951405,1.2569028060053864,-0.0008509186901282,0.4089680514998328,0.5910319485001672,-0.0744614107844412,-0.0421852420888366
GILD,0.0188196819831297,0.0439693780857292,0.4220814569048336,9.599441140192638,0.4798286366008635,-0.0001847143706194,0.1696397931670323,0.8303602068329677,-0.0751765361761084,-0.0661290708679926
GIS,0.016377588309927,0.1153363519974972,0.3673110066704743,3.1846941602457206,0.3973182443415819,0.000160254552329,0.1535879288265384,0.8464120711734615,0.1079095134033274,0.0997597078965775
GL,0.0260885840435503,-0.0670267931965702,0.5851059317344919,-8.72943346727845,1.3025140873845402,-0.0012410313735706,0.6504947704789227,0.3495052295210773,-0.2439332528615288,-0.1095779267026331
GLW,0.0256314882690071,0.1181386139965696,0.5748543424336103,4.865930985531134,1.3053192320217335,-0.0005083479214098,0.6768084838567574,0.3231915161432426,0.0738249863729103,0.0325120575530316
GM,0.0323164914246288,0.222795513227755,0.7247833302808833,3.2531325239928237,1.2971375749611629,-8.691804013426176e-05,0.4204396256699159,0.5795603743300841,0.202951015955002,0.1134000865190873
GNRC,0.0305086089175768,0.6196962826888787,0.6842367533954037,1.104148552298042,1.168745152969261,0.0015841985936403,0.3829788599293614,0.6170211400706386,0.7950410146625323,0.4654532951917074
GOOG,0.0201209868214592,0.3865668680740699,0.4512666813167981,1.1673703014566967,1.0084764130137207,0.0007790578159815,0.6555606920311932,0.3444393079688068,0.6888761810797976,0.3082539800262442
GOOGL,0.0203281580994485,0.3850350644000596,0.455913048610407,1.1840818947770009,1.0205084961916768,0.0007639721049778,0.6576838207410043,0.3423161792589957,0.6784957468159609,0.3031185585954777
GPC,0.0251516279706409,0.1225294339640286,0.5640921980984012,4.603728099029685,1.1172541268307536,-0.0003501399402576,0.5149341584949777,0.4850658415050223,0.0830173402892193,0.0419147558638846
GPN,0.0283159505586197,-0.1523765674123618,0.6350605539530954,-4.167704816676261,1.3789743291768517,-0.0016369585031711,0.6189136204814989,0.3810863795185011,-0.3591414487841221,-0.1653958036684461
GPS,0.0479034996498436,-0.0184994560324562,1.0743634744291124,-58.07540894954981,1.6014120378524257,-0.0012722152838737,0.2916430696387911,0.708356930361209,-0.0876793173581327,-0.0588227475539539
GRMN,0.0194680913849233,0.1581808263648179,0.4366237634764944,2.760282478670921,0.9423832804319896,-7.775918922570504e-05,0.6114885937123156,0.3885114062876844,0.1889059489297776,0.0875236520824188
GS,0.0258649115003274,0.2555173938015426,0.5800894796500322,2.2702543690649133,1.261519172202121,6.959435486555217e-05,0.6207913900888793,0.3792086099111207,0.3099821667340466,0.1425403575021785
GWW,0.0214283259035668,0.1978302572615596,0.4805872397055767,2.42929087975745,1.0169231644212344,2.3779837982935786e-05,0.5877325757461266,0.4122674242538734,0.2541271327478035,0.1200978220720029
HAL,0.0477546978791295,-0.0388266173324982,1.0710261986861258,-27.584844425519027,1.9186590449352776,-0.0015903672937015,0.4212533572902596,0.5787466427097404,-0.1069316674727406,-0.0596909688747547
HAS,0.0267159534126062,-0.034783272634146,0.5991763595741311,-17.22599152403883,1.0464482604146126,-0.000921391985044,0.4003816213301548,0.5996183786698451,-0.1843919087740257,-0.1055792979104112
HBAN,0.0323072733233386,0.0026333492913024,0.7245765898255488,275.1539995923528,1.2856318535022615,-0.0009519643261762,0.4132497549818598,0.5867502450181401,-0.1008404794395708,-0.0568332610223157
HBI,0.0341430842220628,0.049669668576467,0.7657495352254707,15.41684406543986,1.0427984731052389,-0.0005835290632245,0.2434306409488807,0.7565693590511192,-0.0339932709405673,-0.0249619961045972
HCA,0.0295247932043135,0.2658236918555509,0.6621720676078184,2.4910197544304817,1.1886245956657495,0.0001650606827883,0.4229564620019446,0.5770435379980554,0.2871212803378993,0.1599526819054778
HD,0.0218236279449897,0.2939656065066502,0.4894529400777093,1.665000698190986,1.0897881729860166,0.0003507231336985,0.6507441171823964,0.3492558828176035,0.4459378800993548,0.2002825979553467
HES,0.0412384460280528,0.042966639300174,0.9248819079735212,21.525581777809045,1.5065939237443169,-0.0009573220956496,0.3483114955877245,0.6516885044122755,-0.0353919353569656,-0.0217267308622048
HIG,0.0319778144825798,0.0624418461361517,0.7171875984694621,11.48568857022045,1.2053917567687458,-0.000654561901498,0.3707992483570502,0.6292007516429498,-0.0184863122175317,-0.0109990414231709
HII,0.022902355676527,-0.1636483637196189,0.5136462804826667,-3.138719317491644,0.8481131125575497,-0.0012842892267103,0.3578715824520823,0.6421284175479176,-0.4659789680452985,-0.282212785270877
HLT,0.026488320113166,0.1621163618753028,0.5940710769899762,3.66447328399169,0.9684567548402432,-8.166038737625011e-05,0.348844275686583,0.651155724313417,0.1454646846521379,0.0892309970924392
HOLX,0.0244371789289402,0.1876474055272533,0.5480687768378497,2.920737301418484,0.8891585306076326,7.901531913212382e-05,0.3454905951030729,0.6545094048969271,0.2042579512979149,0.1259026390386771
HON,0.0219042541782368,0.0744532327821732,0.4912611979443497,6.598252078343263,1.08653610195892,-0.0005179232390369,0.6421128326664273,0.3578871673335727,-0.0025378906843115,-0.0011474696658297
HPE,0.0277947901392049,-0.0063177830133232,0.6233721444834306,-98.6694451469506,1.1397386868081956,-0.0008782701891229,0.4387971008986228,0.5612028991013771,-0.1315711389081859,-0.0719619189579425
HPQ,0.0282943233416229,0.2999363504084075,0.6345755060512774,2.1157005650939253,1.1724543400766,0.0003125333045177,0.4480982221297241,0.5519017778702758,0.3533643329597533,0.1912538021683279
HRL,0.0161462862037793,0.0265981848450166,0.3621234413314069,13.61459225287148,0.3790539904235095,-0.0001782085514941,0.1438258075808749,0.8561741924191251,-0.135594136006364,-0.1295377872163353
HSIC,0.0228280430796895,0.0615306310876403,0.5119796227162025,8.320727638677578,0.8890891614269767,-0.0004213961422657,0.3958523551013328,0.6041476448986671,-0.0276756501307357,-0.0159369493264523
HST,0.0334802188852434,-0.0407446373154223,0.7508830158364993,-18.429002325473657,1.2282715086914398,-0.0010811596803744,0.3512304391777224,0.6487695608222777,-0.1550769359001956,-0.0948036622940791
HSY,0.0181680730422463,0.1268992398599403,0.4074673921535368,3.2109521901255014,0.7560990245500878,-6.244150672068483e-05,0.451980386488827,0.548019613511173,0.1256523610130944,0.0677149926101361
HUM,0.024540626595133,0.110194327807894,0.550388866077358,4.994711406896295,1.0433813426529637,-0.000343788175716,0.4717314230639259,0.5282685769360741,0.0626726482563799,0.0330601347731469
HWM,0.0375424567400561,-0.0011253136522318,0.8419895113442503,-748.2265141583533,1.5397269604026351,-0.0011570932995232,0.4389570400109254,0.5610429599890746,-0.0912426017392769,-0.049895413685646
IBM,0.0211544857609716,0.0063798831295424,0.4744456456845289,74.36588352027644,0.9539237166537006,-0.0006887829664666,0.5306428486357271,0.4693571513642729,-0.1461076047403548,-0.0726684069808305
ICE,0.0188298910071545,0.1905165090673855,0.422310421439826,2.216660506258044,0.8755912850118559,0.000100556986424,0.5642703314145086,0.4357296685854914,0.2718770440850829,0.1311302556715498
IDXX,0.0221581328691849,0.4524551390088794,0.496955103284968,1.098352213157679,0.890603394129857,0.0011287580446165,0.4215822675432699,0.5784177324567301,0.7581271155451591,0.4230335764405873
IEX,0.0195488014750446,0.1448516008266544,0.4384339020567248,3.0267798184805947,0.9066799738428672,-0.0001039257204424,0.5613681161434803,0.4386318838565197,0.1577241187377603,0.0762690285675581
IFF,0.0220833660153853,0.0626102884139465,0.4952782575971287,7.910493149665873,0.9232518183724954,-0.0004426856902323,0.456131190158946,0.543868809841054,-0.0264290050800108,-0.0141778346119349
ILMN,0.0255726241699528,0.0716594202825809,0.5735341583459874,8.003611473332038,0.8967783288715223,-0.000386958586004,0.3209220705382717,0.6790779294617283,-0.0070450550479358,-0.004505661641605
INCY,0.0234554141301337,-0.0948866998156454,0.5260500882654491,-5.543981288078386,0.6748079371551978,-0.000881690558671,0.2160001843784948,0.7839998156215052,-0.3242784358769388,-0.2527929658545384
INFO,0.0220500228930534,0.2865562907352942,0.4945304493363814,1.725770696108022,1.0199472901296474,0.0003736034351387,0.5583639045721318,0.4416360954278682,0.4263767600523805,0.2067325368436361
INTC,0.0279140270602509,-0.0768797173125382,0.6260463497859977,-8.14319266082806,1.201408486152147,-0.001204443402746,0.4834108216192447,0.5165891783807552,-0.2437195223080444,-0.1270006988224448
INTU,0.0246996666035788,0.4348532485272304,0.5539557615504678,1.2738912803954348,1.232732635920773,0.0008027939518554,0.6500332522559388,0.3499667477440612,0.6483428343122487,0.2913472378858256
IP,0.0254300872289168,0.0234875957674001,0.5703373880823264,24.282493352254104,1.0982665740929234,-0.0007289491716517,0.4867430961789735,0.5132569038210265,-0.0915465219773793,-0.0475407387097462
IPG,0.0287052475902334,0.2331089586944094,0.6437915759979702,2.7617624805314267,1.2795460079900534,-3.2822757398296375e-05,0.518524386448709,0.481475613551291,0.2445029797887659,0.1230193816490208
IPGP,0.0296539011126874,0.0724804794158477,0.6650676560727692,9.175817564023356,0.9897182641939588,-0.0004532745361431,0.2906962756556543,0.7093037243443456,-0.0048408918322137,-0.0032529667286419
IQV,0.0242048884006241,0.2954841996756926,0.5428590435009769,1.8371846755149324,1.2004000097904777,0.0002739461261309,0.6418385225009553,0.3581614774990447,0.4048642134766189,0.1830924674134705
IR,0.0261275851569317,0.2406956571693816,0.5859806355032211,2.434529323854217,1.0959243337511626,0.0001347409630622,0.4591372877663426,0.5408627122336573,0.2815718594995698,0.1505538768398631
IRM,0.024110002886559,0.2391151840928357,0.5407309833110298,2.2613828785590324,0.8993868515357774,0.000275595693224,0.3631436979034789,0.636856302096521,0.3022116156396367,0.1816962120513445
ISRG,0.0237524398504311,0.3015701956338634,0.5327116805746993,1.766459976109393,1.1759334359541616,0.0003164123928814,0.639630246567042,0.3603697534329579,0.4240008317260669,0.192077364864271
IT,0.0256212261279841,0.3748974635933259,0.5746241866085628,1.532750264834794,1.0536711250792543,0.0006989182412303,0.4413572923797674,0.5586427076202326,0.5206837278451366,0.2839571631715931
ITW,0.0203467424941764,0.1416196408508523,0.4563298531243983,3.2222215109624885,1.015169007384827,-0.0001979650151707,0.6496312252709059,0.3503687747290941,0.1444561218152041,0.0649346467152968
IVZ,0.0374659625495373,0.1321087849844184,0.8402739255331898,6.360469711626639,1.665361311413425,-0.0007224354685194,0.5156121245180267,0.4843878754819732,0.067131423777817,0.0338717998297578
J,0.0219252799958918,0.2112808715610277,0.4917327578653091,2.327388912361969,0.97786296394178,0.0001063954574383,0.5190935913702109,0.480906408629789,0.2757206417355761,0.138650175495449
JBHT,0.021701181202039,0.2626890294938923,0.4867067459760106,1.852786722436488,0.884220761612453,0.000380495917143,0.4332460756009809,0.5667539243990191,0.3841923931399728,0.2114732401814471
JCI,0.0214294637660873,0.3215713792907873,0.4806127593010114,1.4945756688949852,0.9694792379025036,0.0005503321952785,0.5341145220853055,0.4658854779146945,0.5115789677502012,0.2536118048517853
JKHY,0.0203760616845454,0.0622176143894789,0.4569874140012155,7.344984510985886,0.7534509073024996,-0.0003171322634472,0.3568201694199281,0.6431798305800718,-0.0295027503984719,-0.0178941792754495
JNJ,0.0150026362536107,0.0716468545791346,0.3364740473836762,4.696284985016858,0.6441196255124998,-0.0001978700863524,0.4810363241859415,0.5189636758140586,-0.0120459377250087,-0.0062925352067024
JNPR,0.0199776003240353,0.1662858986365448,0.4480508574900496,2.694460932429185,0.7949060063717444,6.480414992088876e-05,0.4131662939723702,0.5868337060276297,0.2021777151460012,0.1139579999527411
JPM,0.0260246820133768,0.0616918236134989,0.5836727586331077,9.461103991508407,1.2467981356363396,-0.0006885346783459,0.5989649276557766,0.4010350723442234,-0.0240000517058677,-0.0112353202865125
K,0.0164856909711611,-0.0441364503023841,0.3697354965630179,-8.377100877617368,0.4147262406444403,-0.0004856055204711,0.165153844919648,0.834846155080352,-0.3241139988352706,-0.2889531419959613
KEY,0.0368400014052206,0.0551405091817015,0.8262350808813074,14.984175756496189,1.626095327597364,-0.0009984709206929,0.5084317882569266,0.4915682117430734,-0.024883342881506,-0.0126434720458093
KEYS,0.0221786376796848,0.3328714775438272,0.4974149782338163,1.494315409370948,0.9699281481677512,0.0005948378042382,0.4991020596321162,0.5008979403678837,0.517015950056374,0.2651448749370132
KHC,0.0217227997892474,0.054287472475814,0.4871916003318568,8.974291454606012,0.8916104939948016,-0.0004520262853526,0.4396415312604076,0.5603584687395924,-0.0439509373921893,-0.0240155624775663
KIM,0.0363607110769196,0.0734363695514354,0.8154857196417798,11.104657332911955,1.3404228976655248,-0.0007120161146347,0.3546491380002928,0.6453508619997071,-0.0027758063618317,-0.0016887434946887
KLAC,0.0322184552159747,0.4288881893829493,0.7225846073792294,1.6847855111581118,1.5144963286770676,0.0005681969473014,0.576642955795574,0.423357044204426,0.4887845461640008,0.2332050482363756
KMB,0.0159461316223369,0.006023916908923,0.3576344421327423,59.36908618427186,0.5213649822244784,-0.0003663853866224,0.2789671049246191,0.7210328950753808,-0.1948248683084486,-0.1336416626866538
KMI,0.0279917998162976,-0.1523870856270888,0.6277906108319145,-4.119710067611637,1.1252240600301109,-0.0014470447408046,0.4216929501842155,0.5783070498157845,-0.363317134234996,-0.2027037047368017
KMX,0.0305055487291351,0.175230582518599,0.6841681205249309,3.9043876399390114,1.1960622214878438,-0.0002000035323638,0.4011712774815233,0.5988287225184766,0.1454767907663305,0.0832152213576211
KO,0.0169987102936742,0.0283222927594038,0.3812413202672016,13.460821251507538,0.7948409679647591,-0.000482621789324,0.5705694447989332,0.4294305552010667,-0.1242722252860481,-0.059606524009337
KR,0.0200952539465567,0.2016883930853955,0.4506895531092694,2.23458348898861,0.2241965277146469,0.0006325189686021,0.0324825963019355,0.9675174036980644,0.2795458475045898,0.5619551487690798
L,0.0281221259569903,0.0467492122324757,0.6307135213989294,13.491425657880605,1.3546067044411865,-0.0008285354213113,0.6054943729382036,0.3945056270617963,-0.045901644384143,-0.0213720983903348
LDOS,0.0227723894216981,-0.0603387391373745,0.5107314413139801,-8.464403608951567,0.96512934781931,-0.0009619278534046,0.4687419346291459,0.5312580653708541,-0.2663606117285084,-0.1409538933250255
LEG,0.0329396142519705,-0.12673633378637,0.7387585181204462,-5.829098065640091,1.4365277379415229,-0.0015782955838187,0.4963305214775104,0.5036694785224896,-0.2740223345260501,-0.1409205881930632
LEN,0.0343107823232418,0.3473073265780577,0.7695106114715654,2.2156475046276256,1.3099887998366029,0.0003975561291124,0.3804117230897559,0.6195882769102441,0.3529611190918502,0.2073356097486755
LH,0.0253886339074996,0.293247845847851,0.5694076870218635,1.941728456267316,1.0701327116598915,0.0003625888044049,0.4636353921160366,0.5363646078839633,0.3820599033105393,0.2032905297422511
LHX,0.020707966321263,0.0162583243582115,0.4644312588411446,28.56575183324933,0.8935742151829528,-0.0006044056298691,0.4859217345710629,0.5140782654289371,-0.1279881026744584,-0.0665212521039656
LIN,0.0193672660189655,0.2336554664893851,0.4343624862989859,1.8589870497154355,1.0016574196816006,0.0001773711858536,0.698042326252298,0.301957673747702,0.3636489601927992,0.1576941011824131
LKQ,0.0315112988468299,0.2381316198678078,0.7067247437101347,2.9677904349806767,1.354404700078728,-6.893020384520236e-05,0.4821079171798889,0.517892082820111,0.2298371767982552,0.1199284230617083
LLY,0.0232772932959312,0.3675154977398485,0.5220552544912819,1.4204986121723406,0.7147756019376891,0.0009233193100187,0.2460676096361417,0.7539323903638583,0.5589743522919024,0.4082616935283805
LMT,0.0206503334833566,-0.0614441322530558,0.4631386890617555,-7.537557649188243,0.8453672222480255,-0.0008766613272382,0.4373374200462652,0.5626625799537348,-0.2961189282866604,-0.1622302457958544
LNC,0.0457766743541947,0.0658555726848021,1.026663756645662,15.58962612867218,2.205364599950721,-0.0013895873528008,0.60569263068885,0.3943073693111499,-0.0095887550831264,-0.0044638547818432
LNT,0.0191686339507469,0.0469764153759416,0.4299076335115213,9.15156318486771,0.7730011282387702,-0.0003922483570554,0.4243829189225995,0.5756170810774005,-0.0668133859113914,-0.0371585287197484
LOW,0.0258385417612003,0.3690229898060079,0.5794980680672576,1.5703576310296945,1.198709770176298,0.0005670320222711,0.5616581413429926,0.4383418586570073,0.506167329917594,0.2446989230452905
LRCX,0.0339125797931483,0.4321303360385737,0.7605798599213665,1.7600705076476604,1.587120377224678,0.0005266968040345,0.5715813451001429,0.4284186548998571,0.468629732156494,0.2245767499134794
LUMN,0.032873316955927,-0.0104256665674357,0.7372716248069467,-70.71697718683936,0.9789161705751178,-0.0007741808146691,0.2314109573968657,0.7685890426031343,-0.1168167384578073,-0.0879806352742508
LUV,0.0315995168675794,-0.1357412387489072,0.7087032676170001,-5.220987182295809,1.1345618266424429,-0.0013879799731969,0.3364150507594369,0.663584949240563,-0.2983494621943455,-0.1863637871323719
LVS,0.0321279331801021,-0.2979133915184303,0.7205544098011115,-2.4186707624270545,1.13947044021259,-0.0020351948123589,0.3282619303178829,0.6717380696821171,-0.5185082298248034,-0.3278833555776362
LW,0.0298259913430916,-0.1668290125343738,0.6689272375063547,-4.009657716870604,1.1139393766486223,-0.0014959063473114,0.3640099922067762,0.6359900077932238,-0.3625641159993427,-0.2177219134348605
LYB,0.0346785291174894,-0.0217622188900125,0.7777583120877198,-35.73892515365981,1.508261750779259,-0.0012154311665238,0.4936419575621871,0.5063580424378129,-0.1253117033598738,-0.0646189024150865
LYV,0.0371708457017417,0.2529988405538786,0.8336551447702432,3.2950947243282243,1.3362190549122792,3.680337847057017e-06,0.3372332632741097,0.6627667367258903,0.2126764785968454,0.1326869572036735
MA,0.0251526516232246,0.0934862495782154,0.5641151562320325,6.034204589200728,1.270979594139021,-0.0005804683753343,0.6663303157260226,0.3336696842739773,0.0315294658931298,0.0139941267823926
MAA,0.0225700783894288,0.2682470882898676,0.5061940779661447,1.887044072661664,1.0001290615265117,0.0003157836435006,0.5124198292166461,0.4875801707833539,0.3803819457222997,0.1925222410755469
MAR,0.0326970634685006,0.0379798947503302,0.7333186712541618,19.308075392909974,1.129995425302745,-0.0006951920228707,0.3116849539956865,0.6883150460043135,-0.0514375355875758,-0.033380759253573
MAS,0.0211697583581065,0.1727283763055134,0.4747881743231738,2.748756078638705,0.9550325017930812,-2.9499926341897063e-05,0.5311099896103412,0.4688900103896588,0.2043614006263542,0.1015969363590682
MCD,0.0191827401363811,0.1501980763476801,0.4302240022678689,2.8643775787912347,0.9183001783058008,-9.140834349512586e-05,0.5980369504974091,0.4019630495025909,0.1731611345600741,0.0811260610720165
MCHP,0.0321050248312693,0.2482284566150916,0.7200406291081498,2.90071750405579,1.5525076819071442,-0.0001771617610543,0.6102411128273016,0.3897588871726983,0.239609335418735,0.1111288907782748
MCK,0.0224016095069619,0.2741349186112821,0.502415714898242,1.832731552198417,0.9508882449908764,0.0003760093463617,0.4701976781259352,0.5298023218740647,0.3949616079414885,0.2086837434962571
MCO,0.0241552636644391,0.2544430706173107,0.5417460767161896,2.1291445485304266,1.2303397742931077,8.867182527543026e-05,0.6770278460677249,0.3229721539322751,0.3299388372145994,0.1452794377228093
MDLZ,0.016669781164428,0.0845986772019488,0.3738642091016062,4.41926778842109,0.8021875519380463,-0.000264802399742,0.6043270137332587,0.3956729862667413,0.0238018964782222,0.0110930133239416
MDT,0.0206270955860273,-0.0450425895331252,0.4626175173666677,-10.270668763980582,0.9670812881204373,-0.0009026900545466,0.5736272397871555,0.4263727602128445,-0.2609987408613958,-0.1248525754932074
MET,0.0294053605189105,0.0937155224699968,0.6594934717685172,7.037185029616149,1.4487559533142536,-0.0007126405784698,0.633457406846951,0.366542593153049,0.0273172112252845,0.0124351671713814
MGM,0.0468030416398715,0.1555750312268203,1.0496827746952908,6.747115950533911,1.83855619230142,-0.0007589678005108,0.4027037074673018,0.5972962925326982,0.0760944479154733,0.0434444329530317
MHK,0.036765665756484,0.1208686577808272,0.8245679061146535,6.822015907629697,1.3196613345025936,-0.000508250802022,0.3362173209924876,0.6637826790075123,0.0547785785086652,0.0342274616978546
MKC,0.0185740751986683,0.0463462453720685,0.4165730710827934,8.988280878818475,0.6883800269788917,-0.0003314023256169,0.3584446404517226,0.6415553595482774,-0.070464839581763,-0.0426417872069253
MKTX,0.0251471987367782,0.0440548720944756,0.5639928607406575,12.80205420937722,0.7931860251173918,-0.0004189520414501,0.2596275935251779,0.740372406474822,-0.0561090930547714,-0.0398962247233753
MLM,0.0276651911738683,0.2254324957614714,0.620465542759146,2.7523340885852425,1.1136056041252511,6.093679912260331e-05,0.4228393849519881,0.5771606150480119,0.2413228220468561,0.1344573834819086
MMC,0.017820894184616,0.2114578426371443,0.3996809822574237,1.8901213465194808,0.8546366835393696,0.0001993439700807,0.6001834910046735,0.3998165089953265,0.3396655048993709,0.1588486022796499
MMM,0.0187199094272755,-0.0046172126632083,0.4198437917959447,-90.9301395496488,0.7928369125527521,-0.0006118338919502,0.4681016856849641,0.5318983143150359,-0.1913026088099088,-0.1013035737761067
MNST,0.0184993418756013,0.1926747037051393,0.4148969774108741,2.1533546928184912,0.9003656263781485,9.057536931319436e-05,0.6181661558987753,0.3818338441012247,0.2819367459245162,0.1299191131670442
MO,0.018873167891253,-0.0381993044411229,0.4232810207468155,-11.08085675746332,0.7110415014303013,-0.0006838647447734,0.3704079177268093,0.6295920822731906,-0.269086726922376,-0.1601865773123057
MOS,0.0403316801977159,0.296938757089226,0.904545270878206,3.046235121831545,1.3788236421731013,0.0001461516194125,0.3050034707111171,0.6949965292888829,0.2445856102640716,0.1604547168487346
MPC,0.0404808538706527,0.0208524066229345,0.9078908875183528,43.53890195675586,1.678424774430622,-0.0011737082414628,0.4486259609054325,0.5513740390945674,-0.0604120981178553,-0.032678017038727
MPWR,0.0328339017794046,0.5097563614976036,0.7363876345702552,1.4445874346851424,1.5020419621058116,0.0008984256352994,0.5461338682115872,0.4538661317884128,0.5894400464110351,0.2889775202345688
MRK,0.0176852561474762,-0.0704050781237923,0.3966389382750128,-5.633669457444638,0.6383118443917922,-0.000757220571687,0.3399562779968813,0.6600437220031187,-0.3683578792319408,-0.2288929453643569
MRNA,0.0568595667508278,1.268874232447076,1.2752271156696744,1.0050067083562306,0.096872835512809,0.0049626969479638,0.0007574899924525,0.9992425100075474,0.935656259018999,12.316912436090591
MRO,0.0517804671248463,0.078116549950039,1.1613147885739887,14.866437257107869,1.6187233597579782,-0.000901777557271,0.2550311963753833,0.7449688036246167,0.0020808741728041,0.0014928739586487
MS,0.0279613621060979,0.3329446485076723,0.6271079641709641,1.883520179650862,1.411461930827872,0.0002645993688653,0.6649693969554316,0.3350306030445684,0.4102079118828437,0.1822540465946462
MSCI,0.0261556064401882,0.4273542586417019,0.5866090873586699,1.3726529582813607,1.1627028132663515,0.000825459842517,0.5156889513412071,0.4843110486587929,0.599469504001547,0.3024455214431008
MSFT,0.021731054929804,0.3739310142942853,0.4873767438298301,1.303386788468588,1.1406002189757007,0.0006300086733573,0.7189277547643306,0.2810722452356694,0.6119106380636292,0.2614684876723128
MSI,0.0215857440314556,0.2444910241597861,0.4841177601905715,1.9801044306402769,0.9761273848565828,0.0002394810184392,0.5336529521998411,0.4663470478001589,0.3486569550626319,0.1729190541914626
MTB,0.031711985157898,-0.0590712848788405,0.7112256683608498,-12.04012524561848,1.2725439256884317,-0.0011870264634059,0.420221891738267,0.579778108261733,-0.1894915929981067,-0.1059069806222452
MTCH,0.0309642322258669,0.2408440816912156,0.694455318721602,2.883422809666371,0.987898757597201,0.0002161970653503,0.265634338057329,0.734365661942671,0.2378037538760931,0.1671670102034386
MTD,0.0208742512449812,0.3604569950503902,0.4681606408215196,1.2987974911017417,0.8944389868740057,0.000760814749531,0.4791368764939877,0.5208631235060124,0.6082463373057245,0.3183638003589195
MU,0.031356876465525,0.2697460588117431,0.703261410815438,2.60712395173954,1.3807622064446283,3.6792892250362905e-05,0.5060019150372901,0.4939980849627099,0.2759230861064094,0.1405354650540435
NCLH,0.0646429697931486,-0.4790277326159733,1.449790644358695,-3.026527580024187,2.1164771281997696,-0.003485282213078,0.2797464130362982,0.7202535869637018,-0.3826260948603054,-0.262099564046701
NDAQ,0.0208865797629915,0.323076903871313,0.4684371406501525,1.449924569156881,1.017481398998771,0.000520372450288,0.6192959891466471,0.3807040108533529,0.5280898596724719,0.2431267088663621
NEE,0.0210095124024115,0.2029422800579344,0.4711942322733843,2.321814025834692,0.919991904650508,0.0001166276388404,0.5003985393447014,0.4996014606552986,0.2700421001420687,0.1383080431629145
NEM,0.0238285794930592,0.1665883815323721,0.5344193147056837,3.208022731176082,0.4139095081545028,0.0003512155293318,0.07873982902933,0.92126017097067,0.1700694174618788,0.2195851502363788
NFLX,0.0249658322800427,0.3071648366083411,0.5599252352429911,1.8228819464675212,0.7145438708059131,0.0006840060316412,0.213769463599206,0.786230536400794,0.4133852558152558,0.3239336954178597
NI,0.0218385185886088,-0.0088706449636376,0.4897869023921966,-55.21435074900659,0.9105716324272366,-0.000716847898016,0.4536927625271894,0.5463072374728106,-0.1726682452115016,-0.0928764327285318
NKE,0.0221529282909794,0.2493711622163665,0.4968383767667646,1.99236500464189,0.9700627190557972,0.000263386607857,0.500400014237684,0.499599985762316,0.3495526318770954,0.1790308593504221
NLOK,0.0305980767621524,0.0082003984637921,0.6862433079279636,83.68414180822859,0.4826215879280281,-0.0003287455478432,0.0649239892156056,0.9350760107843944,-0.0983610342809979,-0.1398603030295317
NLSN,0.029072275602348,0.0184316801949993,0.6520231560117616,35.375133960313605,1.1398469418788757,-0.0007801390724483,0.4011575689413332,0.5988424310586667,-0.0878317269516845,-0.050242113832057
NOC,0.019807433987237,0.04566961380456,0.4442344244910023,9.727133371262411,0.7462961184399893,-0.0003774429124798,0.3704639042019514,0.6295360957980485,-0.0676003131226229,-0.0402392367499024
NOW,0.0272958911790177,0.4098527202682546,0.6121830074856384,1.4936658394873057,1.1070754265706906,0.0007976515275783,0.429279188031703,0.5707208119682969,0.5458379539815856,0.3018337434363762
NRG,0.0275069207863734,0.0365617885153568,0.6169159080842014,16.873242068699152,1.0540356662624777,-0.0006439565367277,0.383183348230438,0.6168166517695619,-0.0634417283972862,-0.037131771473563
NSC,0.0234963811394902,0.1959648959713915,0.5269688824836378,2.689098370764164,1.167884425250365,-9.663082901972212e-05,0.6447298012027324,0.3552701987972676,0.2282201093251948,0.1029767101702805
NTAP,0.0269057340943917,0.1860184546785212,0.6034326964629371,3.2439399494302594,1.077947065159418,-6.877441758964804e-05,0.418875679506238,0.581124320493762,0.1828181590509771,0.1023412542639152
NTRS,0.0261813419246225,0.0519333687223151,0.5871862740918936,11.30653159111526,1.2180855173823888,-0.0007057646603346,0.5648741778399138,0.4351258221600862,-0.0404754544278829,-0.0195114636357866
NUE,0.0289546016467161,0.3503402621704156,0.6493840043684239,1.853580859777244,1.146423131752052,0.0005320355898746,0.4091048801512628,0.5908951198487371,0.4229242795062752,0.239562736099619
NVDA,0.032636515583526,0.8019642030957539,0.7319607237858938,0.9127099700465038,1.4423828008927666,0.0021026409518564,0.5097221046936229,0.4902778953063771,0.9922174503289248,0.5035169600235324
NVR,0.029373048753999,0.2091303568536955,0.6587687944428726,3.150039068234065,1.168940180611566,-4.517726697913192e-05,0.4133010323620751,0.5866989676379248,0.202545047639269,0.1141464371460714
NWL,0.0288979104969321,0.0574607342653394,0.6481125544514753,11.279225069743305,1.1793817459930422,-0.000654857324276,0.4346662177528003,0.5653337822471997,-0.0281421268719245,-0.0154651077114162
NWS,0.0256577066614366,0.2201966846393162,0.5754423596638834,2.61331073447569,1.0370599191947412,9.746128231572242e-05,0.4263359903081263,0.5736640096918737,0.2511054012841823,0.1393330143850466
NWSA,0.0250814694360618,0.2278540931289359,0.5625187062340845,2.4687671768782837,1.0074435225294398,0.0001500184308713,0.4210323173383529,0.578967682661647,0.2704871703690846,0.1510298986755256
NXPI,0.0320278062882573,0.2851467982892315,0.7183087977645715,2.5190842123220083,1.445392641181381,4.952509106202958e-05,0.5314926468070187,0.4685073531929813,0.2915832284680976,0.1449065065932823
O,0.028298925052974,-0.009757745438416,0.6346787116757447,-65.04358160206033,1.178129529058096,-0.0009206599231267,0.452299568096932,0.547700431903068,-0.1346472535887986,-0.0725367995034796
ODFL,0.0214898931974332,0.5114082600587377,0.481968050131391,0.9424330574481424,0.895735234965453,0.0013588573445542,0.4533887817642863,0.5466112182357137,0.904018969597586,0.4864252773036692
OKE,0.0464431058977167,-0.1360973257051897,1.0416102577113706,-7.653421934003889,1.7373457444359657,-0.0018406324249058,0.3651825076082814,0.6348174923917185,-0.2033364438734998,-0.1219085644774468
OMC,0.0244980926056476,-0.0570693713574267,0.5494349281592759,-9.627492209755614,0.9966171825658144,-0.0009725257228332,0.4318890221167173,0.5681109778832827,-0.2416471260795749,-0.1332200303988426
ORCL,0.0219238619785255,0.2583648882773824,0.4917009550518285,1.903126072316509,0.90201501379227,0.0003500159861753,0.4417467694191841,0.5582532305808159,0.3714958988805062,0.2025075918741296
ORLY,0.0209902609385106,0.2187014678670125,0.470762466957788,2.1525345556621875,0.9297537766823104,0.000171856436021,0.5120120657300876,0.4879879342699124,0.3037656523280881,0.153805740243715
OXY,0.0597468414038396,-0.165584777335169,1.3399819342218715,-8.09242223703657,1.994411881512712,-0.0021500838564126,0.290790204113439,0.709209795886561,-0.1800656943000379,-0.1209804151147357
PAYC,0.033412999507072,0.2282841697351464,0.7493754423771676,3.282643046368863,1.476950373950538,-0.0001997441365606,0.5098951085086197,0.4901048914913802,0.2036151188129666,0.1033102888399798
PAYX,0.0233526226337882,0.2306554677394229,0.5237447153811549,2.270679817453285,1.1893084819720288,2.4992285850132675e-05,0.6768581735881368,0.3231418264118632,0.2958606801915971,0.1302903915075813
PBCT,0.0320943363764024,0.0172320423577471,0.719800912060523,41.7710737425686,1.212345226982292,-0.0008391711991074,0.3723709406891958,0.6276290593108041,-0.0812279571512083,-0.0482271520858693
PCAR,0.0194032767248651,0.0331557779802397,0.4351701222209903,13.125016173058704,0.8642038008097735,-0.0005153657760034,0.5176809181911668,0.4823190818088332,-0.0977645749267576,-0.0492293854527087
PEAK,0.0281891351859193,0.021675032171706,0.6322163817021896,29.167955862481616,1.242536110216374,-0.0008441409503076,0.5070309862435762,0.4929690137564237,-0.0854532868680756,-0.0434795957912934
PEG,0.0199575415298793,0.0484252140185376,0.447600985644781,9.243139028222666,0.8588564706399704,-0.0004507698055826,0.483289176186075,0.5167108238139251,-0.0609354913331396,-0.0317570943619237
PENN,0.066501814324969,0.3437659577843909,1.4914801802846271,4.338650021943358,2.069998341234967,-0.0001854342233781,0.252844187849236,0.747155812150764,0.1797314917944363,0.1295005664712089
PEP,0.0176821169962795,0.1086094289459273,0.3965685344546013,3.6513269455825816,0.8593010164061426,-0.0002122763394148,0.616314094099284,0.383685905900716,0.0829854768764937,0.0382979052946597
PFE,0.0197581030644735,0.2264214414351833,0.4431280472541757,1.957094012145612,0.6056359952970365,0.0004451233319416,0.2451956906918174,0.7548043093081825,0.3401306741225756,0.2488647349325091
PFG,0.0319721456505857,0.132276516825966,0.7170604598244421,5.420920334392131,1.5064126438405911,-0.0006027821150109,0.5793277168689857,0.4206722831310143,0.078900622745002,0.0375571176047251
PG,0.0158431334658769,0.1231074899227938,0.3553244343453577,2.8862942016622832,0.6709076254374905,-1.371450680871854e-05,0.4679756568558811,0.532024343144119,0.1334202923875369,0.0706617246925461
PGR,0.0189568978369382,0.1726844223464806,0.4251588876253878,2.4620569814475384,0.7078407060658396,0.0001553715317021,0.3638450721265531,0.6361549278734469,0.2281133598974288,0.1370144744649082
PH,0.0292793316360458,0.2038509338733812,0.6566669386454118,3.2213094449363187,1.452273759489772,-0.0002782286977903,0.6420289792094493,0.3579710207905506,0.1951536255772736,0.0882415818890816
PHM,0.0332255317872329,0.1692861653525224,0.7451709798159396,4.40184216036905,1.3502372335056008,-0.0003390067184736,0.4309791359325747,0.5690208640674252,0.1255901905568553,0.069310905543277
PKG,0.0222998575741381,0.0786232172529418,0.5001336569927132,6.361144639804213,0.8780774454075364,-0.0003453251334047,0.4046144915412763,0.5953855084587236,0.005844872089831,0.0033291109664992
PKI,0.0209748577752483,0.3457910472247198,0.4704170100262356,1.3604082980220276,0.7384243591085359,0.0008194078951857,0.3234401637710506,0.6765598362289493,0.57415238281808,0.3657667083880977
PLD,0.0223877539511918,0.30263386729311,0.5021049671836463,1.659116911384351,1.0737079574390964,0.000397158519738,0.6002487456411917,0.3997512543588083,0.4519649916351223,0.2113552998474283
PM,0.0195853930922521,0.0386519235290586,0.4392545664609006,11.364364987700236,0.8786189652831498,-0.0005043467559578,0.5251900986981405,0.4748099013018595,-0.0843430650464032,-0.0421662608420955
PNC,0.0282886834445876,0.10299326443608,0.6344490163497195,6.16010202049157,1.3328606173587574,-0.0005890657843009,0.5793272647547568,0.4206727352452432,0.0430188458532269,0.0204772082546525
PNR,0.024287094505339,0.2203093113734117,0.5447027341900985,2.472445357821752,1.1299486235743426,2.8372443587457272e-05,0.5648670441216618,0.4351329558783382,0.2654829915411142,0.1279786605836751
PNW,0.0223490949405376,-0.1278902611635185,0.501237935979079,-3.9192815107180343,0.9324822368735004,-0.0012055500723982,0.454298415783076,0.5457015842169239,-0.4061748853183693,-0.218331516797716
POOL,0.0245185926433913,0.4756432609207391,0.549894696066366,1.1561074049528055,0.8941555590841519,0.0012181152780246,0.3470683838968357,0.6529316161031643,0.7273088170911738,0.4472859972266853
PPG,0.0221300663938608,0.1128743428767944,0.4963256378771244,4.397151958783742,0.9624780202872224,-0.0002725895899344,0.493623895861751,0.5063761041382491,0.0748990985752738,0.0386235759084668
PPL,0.0224607215558914,-0.0945389061494457,0.503741459921732,-5.328403727513249,0.9865259111741946,-0.0011136601047518,0.5034421265484509,0.4965578734515491,-0.3379489672656611,-0.1725640494802837
PRU,0.0324515015375381,0.0706612932630464,0.7278112913912111,10.299999586503928,1.5823194867969868,-0.0009041102496828,0.6204384844375654,0.3795615155624345,-0.0069230950337718,-0.0031843801324555
PSA,0.0183410517292288,0.2701979689634504,0.4113468995905124,1.522390790606406,0.669334256896299,0.0005711556819347,0.3475502478838497,0.6524497521161503,0.4728319799105554,0.2905842140298286
PSX,0.0347676109101139,-0.2223201786662577,0.7797562083778029,-3.5073568807641,1.3508506545436303,-0.0018934593493943,0.3939534841162259,0.606046515883774,-0.3821966089712269,-0.2206166741407401
PTC,0.0264648183870528,0.2335354625747124,0.593543988232232,2.5415582785091835,1.0452283676627574,0.000144278103044,0.4070656986415815,0.5929343013584185,0.2659204131521878,0.1510057203361686
PVH,0.0443965056896142,-0.0223156564764046,0.9957098010345788,-44.61933719437685,1.734576646562022,-0.0013870449390872,0.3983541803803995,0.6016458196196004,-0.0984379749747997,-0.0565069618979791
PWR,0.026015501963356,0.5000011377172738,0.5834668715787618,1.1669310878822114,1.0896263333580467,0.0011684455999281,0.4577946669825067,0.5422053330174933,0.7272069047711096,0.3894005905764487
PXD,0.0403562849739955,0.0845261038578912,0.9050970984716932,10.707900366416734,1.5156681059652346,-0.0007991964485719,0.3681000120410782,0.6318999879589218,0.0097515546926342,0.0058232431118358
PYPL,0.028488513757808,0.28022719305583,0.638930742970468,2.2800454731142854,1.224655341535578,0.0001952450941352,0.4822454567010465,0.5177545432989534,0.3201085490188777,0.1670079622560387
QCOM,0.0279111881744142,0.3638180716161066,0.6259826802154371,1.7205925957299923,1.2309087041601912,0.0005222737104906,0.507545526348281,0.492454473651719,0.4602652449057351,0.2340694079441742
QRVO,0.0304803688019522,0.1287815022669389,0.68360339364168,5.3082421124790375,1.377868274299365,-0.0005204238932787,0.5332795552807553,0.4667204447192447,0.0776495593214716,0.0385243664122613
RCL,0.0555355460759056,-0.2620065268875259,1.2455324281641034,-4.753822139319396,1.917516455853392,-0.0024751465220224,0.3111115068126178,0.6888884931873822,-0.2711342709762285,-0.1761166251567991
RE,0.0247074797623791,-0.0139690881473648,0.5541309924312242,-39.66837252263707,1.05640468471529,-0.0008462493175709,0.4770717587843401,0.52292824121566,-0.1618192979135599,-0.0848813806344786
REG,0.0324554374726972,0.0808631502145487,0.7278995652126131,9.00162265854504,1.2267758479921953,-0.0005974694548333,0.3728511335396133,0.6271488664603866,0.0070932178851358,0.0042087152457386
REGN,0.0224069037120113,0.2564121988294006,0.5025344515369593,1.9598695141306897,0.5773628725621245,0.0005852993163715,0.1732662509370888,0.8267337490629112,0.3596016119426392,0.3129958773196937
RF,0.034769553115708,0.1105148042297287,0.7797997675074168,7.056066134691197,1.5380355496337623,-0.0007128107816193,0.5106396077952633,0.4893603922047367,0.04464582535208,0.0226358904630123
RHI,0.0251379960036485,0.2795276727652968,0.5637864649572246,2.016925406274904,0.9933157081302588,0.0003656482915986,0.4074677762683497,0.5925322237316504,0.3615334624621781,0.2051992846755302
RJF,0.0277437878347566,0.2489688175563801,0.6222282820639502,2.4992217425904903,1.3083407592677658,8.557660959026192e-06,0.5803502843467728,0.4196497156532272,0.2784650305216635,0.1324340133325456
RL,0.0319814756972543,-0.0272143217123803,0.717269710952831,-26.35633246837565,1.137443593808784,-0.0009594748727576,0.3300978592333531,0.6699021407666468,-0.1434806463187572,-0.0904786156188781
RMD,0.0245885571988149,0.2543165785176038,0.5514638374318431,2.168414818437292,0.9762246455578047,0.0002783985048965,0.4113518085866584,0.5886481914133416,0.3238953606630271,0.1829666760928209
ROK,0.0241306721231387,0.2555573743106916,0.5411945459523372,2.1177027170986062,1.1113160844698575,0.0001821938847868,0.5534983504325033,0.4465016495674967,0.3323340481826133,0.1618417809515379
ROL,0.0207785197610122,0.2022194064580404,0.4660136075049371,2.3044949822935648,0.7405819782351231,0.0002480639848886,0.3315103070666713,0.6684896929333287,0.2714929444559192,0.1708378142816115
ROP,0.0202672506992138,0.151055970651093,0.4545470380555869,3.009129901296608,0.969680742282025,-0.0001264670963342,0.5973760821118637,0.4026239178881363,0.1657825578920122,0.0777121452095171
ROST,0.0290747480129219,-0.022890540211782,0.6520786063991817,-28.486815967040783,1.2056861988703207,-0.0009934028993381,0.4487625721908724,0.5512374278091275,-0.1511942567111733,-0.0817713102332575
RSG,0.0174798072694293,0.2071471472774224,0.3920312003842637,1.892525219568845,0.8449987258312832,0.0001894529371824,0.6098440579316579,0.3901559420683421,0.3352976680136165,0.1555589887406147
RTX,0.027686861702105,-0.0554993622186033,0.6209515620307909,-11.188445005637348,1.225569957691086,-0.0011376878157055,0.5113387653981607,0.4886612346018393,-0.2112875951056833,-0.1070517120587522
SBAC,0.0210962486094931,0.2200010148389026,0.4731395225649111,2.150624272853337,0.8151967397795448,0.0002627698858592,0.3896676629323727,0.6103323370676272,0.3049861784038674,0.1770137290759114
SBUX,0.0227128566770409,0.1220178534952403,0.5093962610691175,4.17476825298347,1.1291195449085505,-0.0003610523822656,0.6449355212957024,0.3550644787042976,0.0909269600802109,0.0410212131249501
SCHW,0.0272095344604407,0.2811445352378763,0.610246228233833,2.1705783031404247,1.1343907066767414,0.0002664567528259,0.4535895759782275,0.5464104240217724,0.3366584269311608,0.1811056226295587
SEE,0.0263581964925429,0.2431120293248442,0.5911527084745275,2.4316061616376627,0.877309702541917,0.0003079829742417,0.2891042330093267,0.7108957669906733,0.2831959101682065,0.1908243221746946
SHW,0.0209404375230635,0.2790531221872676,0.469645044261766,1.6829951250163604,0.9567534420881934,0.0003911353857481,0.5447641653437484,0.4552358346562516,0.4329932247170155,0.2125449601136868
SIVB,0.0333361934903704,0.4911026186000723,0.7476528630340361,1.5223964090545494,1.5163993391446795,0.0008136550239142,0.5399768296465299,0.46002317035347,0.5556089451919368,0.273940121099221
SJM,0.0174317185933037,0.1297318145942105,0.3909526838345199,3.0135451743844395,0.3753034336294832,0.0002338595220099,0.1209663651574221,0.8790336348425779,0.1382055088208085,0.1439683460171941
SLB,0.0396418832382908,-0.152235852005942,0.889074738174007,-5.840114049739774,1.540849112878992,-0.0017575783277099,0.3942680976491998,0.6057319023508001,-0.2563742306682558,-0.1479287297508685
SNA,0.024493486488468,0.1063702085595132,0.5493316237223803,5.164337187653759,1.061590544325326,-0.0003725945205256,0.4902220414940115,0.5097779585059885,0.0558318640963827,0.0288908079706051
SNPS,0.0235401842263529,0.4814055291491826,0.527951283288099,1.0966872030347876,1.1064910882167942,0.0010820286765606,0.5765753805462185,0.4234246194537815,0.7684525864250853,0.3666595542156711
SO,0.0216652079130352,0.026038568037931,0.485899949227481,18.6607784467893,0.9322066633641404,-0.0005945150928796,0.4831462929201081,0.5168537070798919,-0.1022050569073412,-0.0532729853945166
SPG,0.0437567850009771,0.0293303624116326,0.9813623619803932,33.458923834885105,1.6229625856346197,-0.0010985469914774,0.3590096929104606,0.6409903070895394,-0.0472502710362696,-0.0285709837052316
SPGI,0.0229348441734969,0.2751146925227744,0.5143749214950901,1.8696744865871144,1.115720218145734,0.0002565053897681,0.617588196060912,0.382411803939088,0.3876835440249548,0.1787318086376446
SRE,0.0230717919820743,-0.0793532826352556,0.5174463405879381,-6.520793134247023,1.0153223839591563,-0.0010749565121959,0.5053883597668176,0.4946116402331824,-0.2996509405382582,-0.1527133500500989
STE,0.0198218770087811,0.2332088671738592,0.4445583476891163,1.9062669146181916,0.8888052833937128,0.0002600792082602,0.5246910654774601,0.4753089345225398,0.3543041492587305,0.1772141436563533
STT,0.0295442499310267,0.0765379375407606,0.6626084364882836,8.65725492191906,1.3511363581082827,-0.0007077283193036,0.5457985685196275,0.4542014314803725,0.0012646043947184,0.0006201724464981
STX,0.0259811368481277,0.3107648566919903,0.5826961424072867,1.8750387306014364,0.9545385036455624,0.0005186336879322,0.3522496498382985,0.6477503501617015,0.4034089804007784,0.2462602145374265
STZ,0.0223509162025335,0.1263001475347827,0.5012787826266105,3.968948512024181,0.9477851727043084,-0.000208313634543,0.4692552368123941,0.5307447631876059,0.1009421289878799,0.0533877813158922
SWK,0.0298596032269033,0.0476783252517234,0.669681073458592,14.045817883135149,1.4583087764889922,-0.00090247903903,0.6224591882352712,0.3775408117647287,-0.0418433129721847,-0.0192151862486497
SWKS,0.0298315504233326,0.1136583924616818,0.6690519146762077,5.886515726515913,1.4094223730978614,-0.0006040573896308,0.5825197302709634,0.4174802697290366,0.0567345995565262,0.0269318787513288
SYF,0.0373024242843073,0.120939188636248,0.8366061446796215,6.917576958415886,1.6914090688305083,-0.0007862584145671,0.5365413068053414,0.4634586931946586,0.0540746549902192,0.0267464503235327
SYK,0.0238897267693028,0.1232460539029815,0.5357907051184332,4.347325436806309,1.155129368183625,-0.0003756493249319,0.6101250466457492,0.3898749533542508,0.0887399752343068,0.0411608043328904
SYY,0.0333112659177911,-0.0549763241466065,0.7470937958744097,-13.58937337975014,1.3607097966709236,-0.0012367769126589,0.435440396266159,0.564559603733841,-0.1749128755562225,-0.0960354106851554
T,0.0182345546780075,-0.227448046910194,0.4089584197758251,-1.7980300351284133,0.7806222005122816,-0.0014869393946414,0.478268129477486,0.521731870522514,-0.7412686284252756,-0.3883415648584601
TAP,0.0246254727701186,-0.0811846965732534,0.552291767368828,-6.802904866072778,0.8671388045403192,-0.0009712949391184,0.3235847581673188,0.6764152418326812,-0.28406126225757,-0.1809222419199887
TDG,0.0344457294147813,0.0247076852720241,0.7725371591599421,31.26707947970603,1.3634629058858196,-0.0009226314824766,0.4088799839542281,0.5911200160457719,-0.0660062938375999,-0.0373991213899926
TDY,0.0258386693527941,0.1067851848216968,0.5795009296483317,5.426791465650839,1.0965362327799033,-0.0003971078631324,0.4699867911538975,0.5300132088461025,0.0536413027681607,0.0283485250121563
TECH,0.0223643155833386,0.4097114021239357,0.5015792994035105,1.224225874123428,0.7559746453354049,0.0010599220877781,0.2981832225778825,0.7018167774221176,0.6659194319246222,0.441828841992107
TEL,0.0240292976001319,0.2546574504906033,0.5389209524664277,2.116258336161712,1.1719958225578009,0.0001331983729314,0.6207974769860873,0.3792025230139126,0.3320662328521205,0.1526946146446502
TER,0.0302866178664191,0.4253230947861729,0.6792580132457829,1.597040042199621,1.3548219412834934,0.0006735807657636,0.5222071994301546,0.4777928005698454,0.5147132429333081,0.2580583352930915
TFC,0.0323597679358303,0.0091895902999047,0.7257539212246671,78.97565588230701,1.454762265763251,-0.0010525572235626,0.5274159098229261,0.4725840901770739,-0.0916431971705544,-0.0457190918855735
TFX,0.0236226271987378,-0.0650490592774133,0.529800286365142,-8.144626413515283,0.984526672234785,-0.0009951402879735,0.4532925155347233,0.5467074844652766,-0.2656643699516767,-0.1429611439148986
TGT,0.0197471965588469,0.2701603333207645,0.4428834398379218,1.639335554535614,0.6976195729037735,0.0005498321639667,0.325691469680387,0.674308530319613,0.4390779058976092,0.278748390775996
TJX,0.0258540105820939,0.0965727716363358,0.579844997545939,6.0042286010953685,1.1457548753410092,-0.0004744780098375,0.5125161457099598,0.4874838542900401,0.0359971573863274,0.0182174844598618
TMO,0.0196667697204467,0.3467085821452964,0.4410796539314093,1.2721913348731717,0.713286074598528,0.000841867233362,0.343274381790493,0.6567256182095069,0.6144209548768713,0.3799437445877984
TMUS,0.0210603068054606,0.2193124896396226,0.4723334319506567,2.1537005609065023,0.8692955279471046,0.0002195397059529,0.4446163935204286,0.5553836064795714,0.3040489618668903,0.1652056004231063
TPR,0.0409293440629381,0.2082001841475659,0.9179494737334148,4.408975320995874,1.6875168392857038,-0.0004370709297316,0.443615415408867,0.556384584591133,0.1443436571826456,0.0785178441263146
TRMB,0.0274658906214193,0.3565998310101579,0.6159956974336509,1.7274144401265967,1.1583322572005863,0.000547960068978,0.4641505796304877,0.5358494203695123,0.456009404254668,0.2425036765263068
TROW,0.0240402947294944,0.2321399404613059,0.5391675923611526,2.322597271670376,1.2163448667358132,1.0643820770466416e-05,0.6680575029915239,0.3319424970084761,0.2901508597284482,0.1286147907058042
TRV,0.0242639219467844,0.0633153960290938,0.544183027890931,8.594797822015915,1.0722697562768633,-0.0005514413271949,0.5096430206338745,0.4903569793661255,-0.0227581591783644,-0.0115498958153104
TSCO,0.0209929001770297,0.4526665060044484,0.4708216589058911,1.0401071266829367,0.6958733380128027,0.0012753702259685,0.2867447537873869,0.713255246212613,0.8006566793899287,0.5417171278338486
TSLA,0.0468223172753277,1.2605386955334985,1.0501150821223464,0.8330685014615165,1.3761335164967026,0.00397197470636,0.225421484801741,0.7745785151982589,1.1282941419514396,0.860991089403742
TSN,0.0238276472055943,-0.0345258329521213,0.5343984056780077,-15.47821906046654,0.7696731554695172,-0.0007131786825666,0.2722891427971673,0.7277108572028327,-0.206261530313277,-0.1432112217618934
TT,0.0225630005167669,0.3214619754196477,0.5060353378340001,1.5741685689991916,0.9767579096905232,0.0005444492951716,0.4890577381898691,0.5109422618101309,0.4856616861415072,0.2516099158055603
TTWO,0.0230007041819756,0.1810381745783245,0.5158520074711112,2.8494101239842777,0.6325646646769584,0.000244872408204,0.1973820067254978,0.8026179932745021,0.2042023158826686,0.166525543490671
TWTR,0.0343784942151976,0.1515944101468767,0.7710292308633325,5.086132332427682,1.21540038233969,-0.0003082742657646,0.3261707439583943,0.6738292560416057,0.0984325977653228,0.062443957768696
TXN,0.0226034314144708,0.1891112809406747,0.5069421083215216,2.6806550397199844,1.14698385122235,-0.0001081817049739,0.6719637212783204,0.3280362787216796,0.2237164344389894,0.0988778358298693
TXT,0.032869008514653,0.2614064181042347,0.7371749965444955,2.82003403700115,1.4749017607699546,-6.677306694989615e-05,0.5254518779091825,0.4745481220908175,0.2519163278390243,0.1259110423783676
TYL,0.0201860605058223,0.2778230682720722,0.4527261318817318,1.629548383787832,0.7241132935493318,0.0005604068466842,0.3358070949908235,0.6641929050091764,0.4464577015511752,0.2791318293320382
UA,0.0347417285545065,-0.0540679481583159,0.7791757276676244,-14.41104673301317,1.2447414900400977,-0.0011463592629564,0.334992785676006,0.665007214323994,-0.1665451624715798,-0.1042529305857199
UAA,0.0364791243039801,-0.0278795242709299,0.8181414514144675,-29.34560301186868,1.3350505654979676,-0.0011100416257704,0.3495317163034343,0.6504682836965656,-0.126603442585452,-0.077584719970734
UAL,0.0507742608711952,-0.3445757254702636,1.1387479353259615,-3.304782813043033,1.653357923265504,-0.0026050550246196,0.2767110548678017,0.7232889451321983,-0.3690682656210143,-0.2541952468707973
UDR,0.0246272270039248,0.119797264922921,0.5523311107308112,4.610548588786126,1.0329191951556531,-0.0002978493991916,0.4590728800077797,0.5409271199922203,0.0798384593338843,0.0426918825109798
UHS,0.0317639668608429,-0.0544478742258066,0.7123914963982757,-13.083917536318143,1.344392612108092,-0.0012224649702038,0.4674796756225714,0.5325203243774286,-0.1826915044379544,-0.0968079362037898
ULTA,0.0322868218619967,0.2231619996387503,0.7241179113735552,3.244808312103947,1.3075410020043368,-9.32516545096595e-05,0.4279962913572776,0.5720037086427223,0.2036436294733195,0.1127781074648558
UNH,0.023158789673925,0.2585874969592411,0.5193974953713504,2.0085947753816518,1.0906856723912373,0.0002096619489406,0.5788252490827769,0.4211747509172231,0.3521147071155652,0.1676812133767885
UNP,0.0209964676649336,0.1535147449058286,0.4709016693169769,3.067468663064545,1.0302944415351156,-0.0001620850050618,0.6283624245719426,0.3716375754280574,0.165246271092425,0.0755267055404923
UPS,0.0212785927040129,0.2895858413049834,0.477229074191867,1.6479710197200672,0.7911009548151776,0.0005569380690523,0.3607098334386229,0.639290166561377,0.4481827551415945,0.2703647872033637
URI,0.0343242927533172,0.3354567500159991,0.7698136188239074,2.2948222648290493,1.5178719476145397,0.0001949103048802,0.5103252330766815,0.4896747669233184,0.3374281042375502,0.1711321896581778
USB,0.0286024669568455,-0.0330502279160438,0.6414864467444139,-19.40944093862092,1.2747899982321815,-0.0010854496934995,0.5183824355597394,0.4816175644402606,-0.169528488821484,-0.085308347309638
V,0.0218870661351761,0.067910446314613,0.4908757103328747,7.228279844587734,1.137186129396946,-0.0005818028986752,0.7044788762486617,0.2955211237513383,-0.0158686883897854,-0.006849849364165
VFC,0.029056799922841,-0.1796289585412059,0.6516760727104195,-3.627900968767954,1.252414743833537,-0.0016503613794841,0.4848202435824477,0.5151797564175523,-0.3918034883178296,-0.2038693330610795
VIAC,0.0420413604529189,-0.1667886856620426,0.9428894009014658,-5.6531976204429455,1.1569921259308604,-0.0015279752772759,0.1976456462563491,0.8023543537436508,-0.2571761708533441,-0.2095854243320349
VLO,0.0391559199018237,-0.1376950939452611,0.8781757169661953,-6.377683414888425,1.5074582858755126,-0.0016748807903609,0.3867904224779205,0.6132095775220795,-0.242998172031527,-0.141559534976667
VMC,0.0267151790443386,0.1814813201833167,0.5991589923047552,3.301491259263139,0.9424664284453732,1.4640843868036005e-05,0.3247847043953352,0.6752152956046648,0.1765496663521863,0.1122388203872749
VNO,0.0346505681877921,-0.2468552312515554,0.7771312138214669,-3.148125360282678,1.3062704162344687,-0.0019574482453954,0.3708731814726037,0.6291268185273963,-0.4150589057739962,-0.2469283750460888
VRSK,0.0198967405036212,0.2082373969841389,0.4462373608094988,2.14292613753469,0.9368128421542068,0.0001250479830553,0.5785245158228955,0.4214754841771044,0.297010982549083,0.141476921558172
VRSN,0.0198944453322999,0.1270809686065087,0.4461858854840374,3.5110362344309745,0.9445806255545356,-0.0002028162388585,0.5882939259994369,0.4117060740005631,0.1151559703659585,0.054395535136394
VRTX,0.0240610354405863,0.007226536819566,0.5396327580086249,74.67377133505441,0.7819647378078272,-0.000556696059609,0.2756294897049429,0.7243705102950571,-0.1268890039832229,-0.0875659219268551
VTR,0.0405747664066385,-0.079058129033967,0.9099971260852976,-11.510481429358398,1.5702393122449958,-0.0014891918155089,0.3908405392525478,0.6091594607474522,-0.1700644151479012,-0.0985570338400883
VTRS,0.0251329588128674,-0.1814777644800961,0.5636734925475156,-3.1060195950856424,0.7515218665052297,-0.0012827333525761,0.2333328963654571,0.7666671036345428,-0.4562530753713187,-0.3422092901648211
VZ,0.0127403469166656,-0.0758408928455845,0.2857361879376978,-3.767574157116921,0.4895523838669621,-0.0006674310761528,0.385314896756014,0.614685103243986,-0.5303524693156005,-0.3095499028082895
WAB,0.027548928250635,0.0697021639336837,0.6178580372727976,8.864259047404069,1.1584263598986917,-0.0005905931814375,0.461431687153982,0.538568312846018,-0.0097074662859295,-0.0051775721564561
WAT,0.0205848444839821,0.2197806098687651,0.4616699239523344,2.1005944256320235,0.8592360999197943,0.0002289277364204,0.4546841527281038,0.5453158472718962,0.3120857616959272,0.1676845396535531
WBA,0.0249757358503708,-0.0772852975438641,0.5601473491658706,-7.247786667935808,0.7994760956425833,-0.0009051693495796,0.2673956567008026,0.7326043432991973,-0.2731161680434235,-0.1913569378467799
WDC,0.0364913056420197,-0.0129295836061386,0.8184146503405401,-63.29783504798856,1.4902848978013683,-0.0011669236925283,0.4352509863574004,0.5647490136425996,-0.1082942290552351,-0.0594715706620222
WEC,0.0212421117379372,0.0155901362309466,0.4764108914338187,30.558481617892145,0.7202543411598865,-0.0004773112443936,0.3000242503364024,0.6999757496635977,-0.1261723122830905,-0.0834564407793132
WELL,0.0355913897387276,0.0141774018387099,0.798231641090232,56.30309771644787,1.4114603804167616,-0.0010003488620523,0.4104190017177826,0.5895809982822173,-0.0770736149687852,-0.043587903008035
WFC,0.0312973842286322,-0.0566548921293302,0.7019271390650059,-12.38952388193884,1.377412321652141,-0.0012559412785529,0.5054658416331552,0.4945341583668448,-0.1885593030433786,-0.096089522395572
WHR,0.0302804882785562,0.2244931782097005,0.6791205409241083,3.025127740361613,1.3128364464504263,-9.19333288778258e-05,0.4905411783995818,0.5094588216004182,0.2190968601939669,0.1133371781473611
WLTW,0.0213204021499124,0.0788626561633706,0.4781667622916702,6.063285026833326,0.8825885263389038,-0.000347751939514,0.4472040606867101,0.5527959393132899,0.0066141279837462,0.0035833868999972
WM,0.0172137295296875,0.1794793282398556,0.3860636989067761,2.151020413843101,0.7856642819022371,0.0001240773132107,0.5436307791911157,0.4563692208088843,0.2688140028024638,0.132091187839909
WMB,0.0312546932055947,0.0411842035108485,0.7009696792515722,17.02035293864371,1.1925046088156086,-0.0007292704062866,0.3799002855399739,0.620099714460026,-0.0492400705919321,-0.0289439522782493
WMT,0.0158001591484687,0.0774082178271717,0.3543606209016768,4.577816552925334,0.5098571842675659,-7.449970212392178e-05,0.2717403507554838,0.7282596492445161,0.0048205633651537,0.0033503849310776
WRB,0.0238044584196297,0.0790336358966098,0.5338783354359836,6.7550774980717305,1.1349713930597094,-0.0005360053228759,0.5932437729235924,0.4067562270764076,0.0062441865034428,0.0029371981681607
WRK,0.0329085996075931,0.0003496384763325,0.7380629321750534,2110.931668381436,1.3384769748055496,-0.0010005861223524,0.4317009197213599,0.5682990802786401,-0.1020920550793843,-0.0562955978638438
WST,0.0204800914208994,0.5586700071355535,0.4593205577132654,0.8221679199646343,0.7063339283239177,0.0016881883224676,0.3104104417456141,0.6895895582543858,1.051487896688159,0.6837700806495426
WU,0.0225399502897467,-0.2140857502299802,0.5055183751450771,-2.361289224537492,0.84870406853553,-0.0014848799709817,0.3699871394712689,0.6300128605287312,-0.5732447413940502,-0.3414449876857738
WY,0.0335336998003751,0.1269639167429643,0.7520824676973553,5.923592206279598,1.667897230595366,-0.0007447499819448,0.6455882225721029,0.3544117774278971,0.0681626270320044,0.0307356567314794
WYNN,0.0428264328338854,-0.2309818827824482,0.9604967385085048,-4.1583206740640986,1.572298283904225,-0.0020936051845534,0.3517434710807078,0.6482565289192922,-0.3192950798132593,-0.1950532452537673
XEL,0.0195664391375082,0.0295881495866796,0.4388294735799695,14.831257774143692,0.8089822165684472,-0.0004881845779697,0.4461021590109462,0.5538978409890538,-0.1050792008958285,-0.0569998319727203
XLNX,0.0283506633459823,0.3927318525589198,0.6358390805975082,1.6190158156375054,1.097872523553335,0.0007366007988217,0.3913428022713088,0.6086571977286912,0.4986039113245445,0.2887692748998088
XOM,0.0271387167980851,-0.0697127873195971,0.6086579536748651,-8.73093699272822,1.123673545393857,-0.0011178114251329,0.4473852512976357,0.5526147487023643,-0.2389072326117571,-0.1294083926027009
XRAY,0.0247613073872288,-0.0098447733584635,0.5553382201802711,-56.40944691762202,0.9390388764712372,-0.0007420238469938,0.3753184984376605,0.6246815015623395,-0.1540408533932609,-0.0910982234089472
XYL,0.0227240270984366,0.2014329954228479,0.5096467874989034,2.5301057874309687,1.0943554055942009,-1.988876265716585e-05,0.605237942233804,0.394762057766196,0.2467061472905261,0.1148922870761339
YUM,0.0208802303671391,0.1427222927958542,0.4682947385492972,3.281160422633711,0.8843448023844518,-9.565541778600712e-05,0.468115101449795,0.5318848985502049,0.143119892833899,0.0757875125348648
ZBH,0.0247375923296467,-0.0844300152136895,0.5548063468965566,-6.571197997446291,0.9732431379734277,-0.0010636020762465,0.4039315838348992,0.5960684161651009,-0.2886232576635352,-0.1645323855528294
ZBRA,0.0253589947353419,0.4149173404026307,0.568742949701806,1.3707379622888376,1.1876378932449114,0.0007574407831258,0.5723793971132555,0.4276206028867445,0.5964334864818696,0.2856235409227367
ZION,0.0306333368918228,0.0943072521954434,0.6870341101803765,7.285061267150051,1.1054532888647026,-0.0004532987084462,0.3398381619058305,0.6601618380941694,0.02708344741509,0.016832237402408
ZTS,0.0196127863999499,0.3008310201796778,0.4398689342930924,1.462179445558411,0.9240350296786288,0.0005020483679528,0.579266271469878,0.420733728530122,0.5118138668771481,0.2436390536600937
